,careergames,careerRec,careerRecYds,careerYPC,careerRecTds,careerRushAtt,careerRushYds,careerYPA,careerRushTds,careerPlays,careerTotalYds,careerYPT,careerTotalTds,Player,Year,School,Conf,Class,Pos,dr_1games,dr_1Rec,dr_1RecYds,dr_1YPC,dr_1RecTds,dr_1RushAtt,dr_1RushYds,dr_1YPA,dr_1RushTds,dr_1Plays,dr_1TotalYds,dr_1YPT,dr_1TotalTds,dr_2games,dr_2Rec,dr_2RecYds,dr_2YPC,dr_2RecTds,dr_2RushAtt,dr_2RushYds,dr_2YPA,dr_2RushTds,dr_2Plays,dr_2TotalYds,dr_2YPT,dr_2TotalTds,dr_3games,dr_3Rec,dr_3RecYds,dr_3YPC,dr_3RecTds,dr_3RushAtt,dr_3RushYds,dr_3YPA,dr_3RushTds,dr_3Plays,dr_3TotalYds,dr_3YPT,dr_3TotalTds
0,,161.0,1743.0,10.8,9.0,117.0,594.0,5.1,8.0,278,2337,8.4,17,Derrick Williams,2008,Penn State,Big Ten,SR,WR,13.0,44.0,485.0,11.0,4.0,43.0,243.0,5.7,3.0,87,728,8.4,7,13.0,55.0,529.0,9.6,3.0,16.0,101.0,6.3,1.0,71,630,8.9,4,13.0,40.0,440.0,11.0,1.0,36.0,145.0,4.0,1.0,76,585,7.7,2
0,,101.0,1910.0,18.9,15.0,11.0,94.0,8.5,0.0,112,2004,17.9,15,Mike Wallace,2008,Ole Miss,SEC,SR,WR,13.0,39.0,784.0,20.1,7.0,10.0,92.0,9.2,0.0,49,876,17.9,7,12.0,38.0,716.0,18.8,6.0,,,,,38,716,18.8,6,12.0,24.0,410.0,17.1,2.0,1.0,2.0,2.0,0.0,25,412,16.5,2
0,,132.0,1931.0,14.6,16.0,19.0,63.0,3.3,0.0,151,1994,13.2,16,Tiquan Underwood,2008,Rutgers,Big East,SR,WR,13.0,40.0,494.0,12.4,5.0,,,,,40,494,12.4,5,13.0,65.0,1100.0,16.9,7.0,,,,,65,1100,16.9,7,12.0,23.0,290.0,12.6,4.0,,,,,23,290,12.6,4
0,,138.0,1752.0,12.7,17.0,,,,,138,1752,12.7,17,Patrick Turner,2008,USC,Pac-10,SR,WR,13.0,49.0,741.0,15.1,10.0,,,,,49,741,15.1,10,11.0,48.0,569.0,11.9,3.0,,,,,48,569,11.9,3,13.0,29.0,272.0,9.4,2.0,,,,,29,272,9.4,2
0,,259.0,3231.0,12.5,22.0,45.0,395.0,8.8,3.0,304,3626,11.9,25,Mike Thomas,2008,Arizona,Pac-10,SR,WR,13.0,74.0,825.0,11.1,4.0,24.0,114.0,4.8,1.0,98,939,9.6,5,12.0,83.0,1038.0,12.5,11.0,10.0,173.0,17.3,1.0,93,1211,13.0,12,12.0,50.0,597.0,11.9,2.0,6.0,68.0,11.3,0.0,56,665,11.9,2
0,,46.0,927.0,20.2,8.0,26.0,294.0,11.3,2.0,72,1221,17.0,10,Brandon Tate,2008,North Carolina,ACC,SR,WR,6.0,16.0,376.0,23.5,3.0,11.0,143.0,13.0,1.0,27,519,19.2,4,12.0,25.0,479.0,19.2,5.0,12.0,131.0,10.9,1.0,37,610,16.5,6,12.0,5.0,72.0,14.4,0.0,3.0,20.0,6.7,0.0,8,92,11.5,0
0,,164.0,2653.0,16.2,14.0,11.0,64.0,5.8,0.0,175,2717,15.5,14,Sammie Stroughter,2008,Oregon State,Pac-10,SR,WR,13.0,70.0,1040.0,14.9,7.0,7.0,52.0,7.4,0.0,77,1092,14.2,7,3.0,15.0,262.0,17.5,2.0,1.0,4.0,4.0,0.0,16,266,16.6,2,14.0,74.0,1293.0,17.5,5.0,3.0,8.0,2.7,0.0,77,1301,16.9,5
0,,72.0,1134.0,15.8,11.0,,,,,72,1134,15.8,11,Demetrius Byrd,2008,LSU,SEC,SR,WR,13.0,37.0,513.0,13.9,4.0,,,,,37,513,13.9,4,14.0,35.0,621.0,17.7,7.0,,,,,35,621,17.7,7,0.0,0.0,0.0,0.0,0.0,0.0,0.0,0.0,0.0,0,0,0.0,0
0,,127.0,1866.0,14.7,24.0,,,,,127,1866,14.7,24,Brian Robiskie,2008,Ohio State,Big Ten,SR,WR,13.0,42.0,535.0,12.7,8.0,,,,,42,535,12.7,8,13.0,55.0,935.0,17.0,11.0,,,,,55,935,17.0,11,13.0,29.0,383.0,13.2,5.0,,,,,29,383,13.2,5
0,,181.0,2840.0,15.7,21.0,7.0,43.0,6.1,1.0,188,2883,15.3,22,Hakeem Nicks,2008,North Carolina,ACC,JR,WR,13.0,68.0,1222.0,18.0,12.0,5.0,34.0,6.8,1.0,73,1256,17.2,13,12.0,74.0,958.0,12.9,5.0,1.0,-1.0,-1.0,0.0,75,957,12.8,5,11.0,39.0,660.0,16.9,4.0,1.0,10.0,10.0,0.0,40,670,16.8,4
0,,77.0,1245.0,16.2,13.0,3.0,19.0,6.3,0.0,80,1264,15.8,13,Louis Murphy,2008,Florida,SEC,SR,WR,14.0,38.0,655.0,17.2,7.0,2.0,7.0,3.5,0.0,40,662,16.6,7,13.0,37.0,548.0,14.8,5.0,1.0,12.0,12.0,0.0,38,560,14.7,5,12.0,2.0,42.0,21.0,1.0,,,,,2,42,21.0,1
0,,153.0,2763.0,18.1,22.0,5.0,92.0,18.4,0.0,158,2855,18.1,22,Marko Mitchell,2008,Nevada,WAC,SR,WR,13.0,61.0,1141.0,18.7,10.0,4.0,45.0,11.3,0.0,65,1186,18.2,10,13.0,53.0,1129.0,21.3,8.0,1.0,47.0,47.0,0.0,54,1176,21.8,8,13.0,39.0,493.0,12.6,4.0,,,,,39,493,12.6,4
0,,207.0,2781.0,13.4,19.0,13.0,34.0,2.6,0.0,220,2815,12.8,19,Kenny McKinley,2008,South Carolina,SEC,SR,WR,10.0,54.0,642.0,11.9,4.0,2.0,2.0,1.0,0.0,56,644,11.5,4,12.0,77.0,968.0,12.6,9.0,5.0,15.0,3.0,0.0,82,983,12.0,9,13.0,51.0,880.0,17.3,5.0,1.0,0.0,0.0,0.0,52,880,16.9,5
0,,158.0,2282.0,14.4,16.0,2.0,35.0,17.5,0.0,160,2317,14.5,16,Mohamed Massaquoi,2008,Georgia,SEC,SR,WR,13.0,58.0,920.0,15.9,8.0,,,,,58,920,15.9,8,13.0,32.0,491.0,15.3,4.0,1.0,12.0,12.0,0.0,33,503,15.2,4,12.0,30.0,366.0,12.2,2.0,,,,,30,366,12.2,2
0,,182.0,2315.0,12.7,22.0,91.0,668.0,7.3,6.0,273,2983,10.9,28,Jeremy Maclin,2008,Missouri,Big 12,SO,WR,14.0,102.0,1260.0,12.4,13.0,40.0,293.0,7.3,2.0,142,1553,10.9,15,14.0,80.0,1055.0,13.2,9.0,51.0,375.0,7.4,4.0,131,1430,10.9,13,0.0,0.0,0.0,0.0,0.0,0.0,0.0,0.0,0.0,0,0,0.0,0
0,,119.0,1710.0,14.4,17.0,5.0,25.0,5.0,0.0,124,1735,14.0,17,Manuel Johnson,2008,Oklahoma,Big 12,SR,WR,13.0,42.0,714.0,17.0,9.0,2.0,4.0,2.0,0.0,44,718,16.3,9,14.0,31.0,448.0,14.5,4.0,,,,,31,448,14.5,4,12.0,36.0,378.0,10.5,3.0,2.0,13.0,6.5,0.0,38,391,10.3,3
0,,202.0,2861.0,14.2,19.0,12.0,109.0,9.1,1.0,214,2970,13.9,20,Juaquin Iglesias,2008,Oklahoma,Big 12,SR,WR,14.0,74.0,1150.0,15.5,10.0,1.0,7.0,7.0,0.0,75,1157,15.4,10,14.0,68.0,907.0,13.3,5.0,8.0,87.0,10.9,1.0,76,994,13.1,6,14.0,41.0,514.0,12.5,2.0,2.0,6.0,3.0,0.0,43,520,12.1,2
0,,138.0,2089.0,15.1,13.0,25.0,314.0,12.6,2.0,163,2403,14.7,15,Darrius Heyward-Bey,2008,Maryland,ACC,JR,WR,12.0,42.0,609.0,14.5,5.0,15.0,202.0,13.5,1.0,57,811,14.2,6,13.0,51.0,786.0,15.4,3.0,5.0,107.0,21.4,1.0,56,893,15.9,4,13.0,45.0,694.0,15.4,5.0,5.0,5.0,1.0,0.0,50,699,14.0,5
0,,90.0,1429.0,15.9,12.0,10.0,68.0,6.8,0.0,100,1497,15.0,12,Brian Hartline,2008,Ohio State,Big Ten,JR,WR,13.0,21.0,479.0,22.8,4.0,3.0,17.0,5.7,0.0,24,496,20.7,4,13.0,52.0,694.0,13.3,6.0,6.0,46.0,7.7,0.0,58,740,12.8,6,12.0,17.0,256.0,15.1,2.0,1.0,5.0,5.0,0.0,18,261,14.5,2
0,,182.0,2756.0,15.1,17.0,10.0,19.0,1.9,0.0,192,2775,14.5,17,Brandon Gibson,2008,Washington State,Pac-10,SR,WR,13.0,57.0,673.0,11.8,2.0,10.0,19.0,1.9,0.0,67,692,10.3,2,11.0,67.0,1180.0,17.6,9.0,,,,,67,1180,17.6,9,12.0,49.0,731.0,14.9,4.0,,,,,49,731,14.9,4
0,,97.0,1237.0,12.8,6.0,12.0,121.0,10.1,0.0,109,1358,12.5,6,Brooks Foster,2008,North Carolina,ACC,SR,WR,13.0,30.0,334.0,11.1,2.0,8.0,104.0,13.0,0.0,38,438,11.5,2,11.0,29.0,417.0,14.4,2.0,2.0,2.0,1.0,0.0,31,419,13.5,2,12.0,38.0,486.0,12.8,2.0,2.0,15.0,7.5,0.0,40,501,12.5,2
0,,292.0,4138.0,14.2,60.0,3.0,-2.0,-0.7,0.0,295,4136,14.0,60,Jarett Dillard,2008,Rice,CUSA,SR,WR,13.0,87.0,1310.0,15.1,20.0,,,,,87,1310,15.1,20,12.0,79.0,1057.0,13.4,14.0,,,,,79,1057,13.4,14,13.0,91.0,1247.0,13.7,21.0,2.0,5.0,2.5,0.0,93,1252,13.5,21
0,,231.0,3127.0,13.5,41.0,2.0,1.0,0.5,0.0,233,3128,13.4,41,Michael Crabtree,2008,Texas Tech,Big 12,SO,WR,13.0,97.0,1165.0,12.0,19.0,2.0,1.0,0.5,0.0,99,1166,11.8,19,13.0,134.0,1962.0,14.6,22.0,,,,,134,1962,14.6,22,0.0,0.0,0.0,0.0,0.0,0.0,0.0,0.0,0.0,0,0,0.0,0
0,,215.0,3255.0,15.1,30.0,17.0,106.0,6.2,0.0,232,3361,14.5,30,Austin Collie,2008,Brigham Young,MWC,JR,WR,13.0,106.0,1538.0,14.5,15.0,10.0,77.0,7.7,0.0,116,1615,13.9,15,13.0,56.0,946.0,16.9,7.0,1.0,10.0,10.0,0.0,57,956,16.8,7,11.0,53.0,771.0,14.5,8.0,6.0,19.0,3.2,0.0,59,790,13.4,8
0,,179.0,2771.0,15.5,22.0,4.0,-3.0,-0.8,0.0,183,2768,15.1,22,Deon Butler,2008,Penn State,Big Ten,SR,WR,13.0,47.0,810.0,17.2,7.0,1.0,5.0,5.0,0.0,48,815,17.0,7,13.0,47.0,633.0,13.5,4.0,1.0,-11.0,-11.0,0.0,48,622,13.0,4,13.0,48.0,637.0,13.3,2.0,1.0,-3.0,-3.0,0.0,49,634,12.9,2
0,,178.0,3043.0,17.1,17.0,7.0,75.0,10.7,1.0,185,3118,16.9,18,Kenny Britt,2008,Rutgers,Big East,JR,WR,12.0,87.0,1371.0,15.8,7.0,7.0,75.0,10.7,1.0,94,1446,15.4,8,13.0,62.0,1232.0,19.9,8.0,,,,,62,1232,19.9,8,9.0,29.0,440.0,15.2,2.0,,,,,29,440,15.2,2
0,,161.0,1750.0,10.9,11.0,24.0,140.0,5.8,0.0,185,1890,10.2,11,Kyle Williams,2019,Arizona State,Pac-12,SR,WR,13.0,45.0,482.0,10.7,2.0,13.0,46.0,3.5,0.0,58,528,9.1,2,13.0,44.0,449.0,10.2,2.0,1.0,8.0,8.0,0.0,45,457,10.2,2,13.0,66.0,763.0,11.6,7.0,10.0,86.0,8.6,0.0,76,849,11.2,7
0,,120.0,2339.0,19.5,15.0,4.0,32.0,8.0,0.0,124,2371,19.1,15,Demaryius Thomas,2009,Georgia Tech,ACC,JR,WR,14.0,46.0,1154.0,25.1,8.0,1.0,3.0,3.0,0.0,47,1157,24.6,8,12.0,39.0,627.0,16.1,3.0,2.0,29.0,14.5,0.0,41,656,16.0,3,13.0,35.0,558.0,15.9,4.0,1.0,0.0,0.0,0.0,36,558,15.5,4
0,,157.0,2707.0,17.2,26.0,31.0,227.0,7.3,3.0,188,2934,15.6,29,Golden Tate,2009,Notre Dame,Ind,JR,WR,12.0,93.0,1496.0,16.1,15.0,25.0,186.0,7.4,2.0,118,1682,14.3,17,13.0,58.0,1080.0,18.6,10.0,5.0,37.0,7.4,1.0,63,1117,17.7,11,12.0,6.0,131.0,21.8,1.0,1.0,4.0,4.0,0.0,7,135,19.3,1
0,,248.0,3191.0,12.9,33.0,16.0,162.0,10.1,0.0,264,3353,12.7,33,Jordan Shipley,2009,Texas,Big 12,SR,WR,14.0,116.0,1485.0,12.8,13.0,1.0,0.0,0.0,0.0,117,1485,12.7,13,13.0,89.0,1060.0,11.9,11.0,4.0,32.0,8.0,0.0,93,1092,11.7,11,13.0,27.0,417.0,15.4,5.0,4.0,20.0,5.0,0.0,31,437,14.1,5
0,,285.0,3791.0,13.3,34.0,9.0,40.0,4.4,0.0,294,3831,13.0,34,Emmanuel Sanders,2009,SMU,CUSA,SR,WR,13.0,98.0,1339.0,13.7,7.0,1.0,6.0,6.0,0.0,99,1345,13.6,7,10.0,67.0,958.0,14.3,9.0,,,,,67,958,14.3,9,12.0,74.0,889.0,12.0,9.0,6.0,28.0,4.7,0.0,80,917,11.5,9
0,,106.0,1615.0,15.2,11.0,5.0,19.0,3.8,1.0,111,1634,14.7,12,David Reed,2009,Utah,MWC,SR,WR,13.0,81.0,1188.0,14.7,5.0,4.0,4.0,1.0,0.0,85,1192,14.0,5,13.0,25.0,427.0,17.1,6.0,1.0,15.0,15.0,1.0,26,442,17.0,7,0.0,0.0,0.0,0.0,0.0,0.0,0.0,0.0,0.0,0,0,0.0,0
0,,149.0,2019.0,13.6,14.0,24.0,125.0,5.2,0.0,173,2144,12.4,14,Taylor Price,2009,Ohio,MAC,SR,WR,14.0,56.0,784.0,14.0,5.0,11.0,103.0,9.4,0.0,67,887,13.2,5,12.0,51.0,694.0,13.6,5.0,5.0,19.0,3.8,0.0,56,713,12.7,5,12.0,33.0,464.0,14.1,4.0,6.0,23.0,3.8,0.0,39,487,12.5,4
0,,105.0,1648.0,15.7,9.0,5.0,24.0,4.8,0.0,110,1672,15.2,9,Carlton Mitchell,2009,South Florida,Big East,JR,WR,11.0,40.0,706.0,17.7,4.0,,,,,40,706,17.7,4,13.0,28.0,405.0,14.5,1.0,1.0,7.0,7.0,0.0,29,412,14.2,1,13.0,37.0,537.0,14.5,4.0,4.0,17.0,4.3,0.0,41,554,13.5,4
0,,226.0,2309.0,10.2,18.0,118.0,415.0,3.5,6.0,344,2724,7.9,24,Kerry Meier,2009,Kansas,Big 12,SR,WR,12.0,102.0,985.0,9.7,8.0,2.0,-2.0,-1.0,0.0,104,983,9.5,8,13.0,97.0,1045.0,10.8,8.0,2.0,-5.0,-2.5,0.0,99,1040,10.5,8,13.0,26.0,274.0,10.5,2.0,15.0,78.0,5.2,1.0,41,352,8.6,3
0,,175.0,2517.0,14.4,25.0,8.0,37.0,4.6,1.0,183,2554,14.0,26,Brandon LaFell,2009,LSU,SEC,SR,WR,13.0,57.0,792.0,13.9,11.0,5.0,13.0,2.6,0.0,62,805,13.0,11,13.0,63.0,929.0,14.7,8.0,2.0,6.0,3.0,0.0,65,935,14.4,8,14.0,50.0,656.0,13.1,4.0,1.0,18.0,18.0,1.0,51,674,13.2,5
0,,204.0,3003.0,14.7,25.0,7.0,26.0,3.7,1.0,211,3029,14.4,26,Mardy Gilyard,2009,Cincinnati,Big East,SR,WR,13.0,87.0,1191.0,13.7,11.0,5.0,16.0,3.2,1.0,92,1207,13.1,12,14.0,81.0,1276.0,15.8,11.0,2.0,10.0,5.0,0.0,83,1286,15.5,11,13.0,36.0,536.0,14.9,3.0,,,,,36,536,14.9,3
0,,116.0,1555.0,13.4,4.0,,,,,116,1555,13.4,4,David Gettis,2009,Baylor,Big 12,SR,WR,12.0,52.0,675.0,13.0,3.0,,,,,52,675,13.0,3,12.0,29.0,391.0,13.5,0.0,,,,,29,391,13.5,0,12.0,31.0,407.0,13.1,0.0,,,,,31,407,13.1,0
0,,143.0,1986.0,13.9,16.0,58.0,494.0,8.5,2.0,201,2480,12.3,18,Jacoby Ford,2009,Clemson,ACC,SR,WR,14.0,56.0,779.0,13.9,6.0,18.0,122.0,6.8,2.0,74,901,12.2,8,13.0,55.0,710.0,12.9,4.0,18.0,96.0,5.3,0.0,73,806,11.0,4,8.0,17.0,310.0,18.2,4.0,14.0,172.0,12.3,0.0,31,482,15.5,4
0,,53.0,997.0,18.8,8.0,1.0,11.0,11.0,0.0,54,1008,18.7,8,Marcus Easley,2009,Connecticut,Big East,SR,WR,13.0,48.0,893.0,18.6,8.0,1.0,11.0,11.0,0.0,49,904,18.4,8,11.0,4.0,94.0,23.5,0.0,,,,,4,94,23.5,0,10.0,1.0,10.0,10.0,0.0,,,,,1,10,10.0,0
0,,227.0,3119.0,13.7,24.0,15.0,114.0,7.6,1.0,242,3233,13.4,25,Eric Decker,2009,Minnesota,Big Ten,SR,WR,8.0,50.0,758.0,15.2,5.0,,,,,50,758,15.2,5,12.0,84.0,1074.0,12.8,7.0,11.0,87.0,7.9,1.0,95,1161,12.2,8,12.0,67.0,909.0,13.6,9.0,3.0,22.0,7.3,0.0,70,931,13.3,9
0,,81.0,1496.0,18.5,18.0,1.0,14.0,14.0,0.0,82,1510,18.4,18,Riley Cooper,2009,Florida,SEC,SR,WR,14.0,51.0,961.0,18.8,9.0,1.0,14.0,14.0,0.0,52,975,18.8,9,14.0,18.0,261.0,14.5,3.0,,,,,18,261,14.5,3,10.0,8.0,182.0,22.8,3.0,,,,,8,182,22.8,3
0,,147.0,2425.0,16.5,29.0,2.0,16.0,8.0,0.0,149,2441,16.4,29,Dez Bryant,2009,Oklahoma State,Big 12,JR,WR,3.0,17.0,323.0,19.0,4.0,,,,,17,323,19.0,4,13.0,87.0,1480.0,17.0,19.0,,,,,87,1480,17.0,19,12.0,43.0,622.0,14.5,6.0,2.0,16.0,8.0,0.0,45,638,14.2,6
0,,305.0,3199.0,10.5,22.0,72.0,531.0,7.4,4.0,377,3730,9.9,26,Antonio Brown,2009,Central Michigan,MAC,JR,WR,14.0,110.0,1198.0,10.9,9.0,42.0,341.0,8.1,3.0,152,1539,10.1,12,13.0,93.0,998.0,10.7,7.0,20.0,116.0,5.8,0.0,113,1114,9.9,7,14.0,102.0,1003.0,9.8,6.0,10.0,74.0,7.4,1.0,112,1077,9.6,7
0,,219.0,3240.0,14.8,31.0,4.0,37.0,9.3,1.0,223,3277,14.7,32,Dezmon Briscoe,2009,Kansas,Big 12,JR,WR,11.0,84.0,1337.0,15.9,9.0,2.0,19.0,9.5,1.0,86,1356,15.8,10,13.0,92.0,1407.0,15.3,15.0,2.0,18.0,9.0,0.0,94,1425,15.2,15,13.0,43.0,496.0,11.5,7.0,,,,,43,496,11.5,7
0,,159.0,2221.0,14.0,7.0,62.0,282.0,4.5,3.0,221,2503,11.3,10,Arrelious Benn,2009,Illinois,Big Ten,JR,WR,12.0,38.0,490.0,12.9,2.0,7.0,23.0,3.3,1.0,45,513,11.4,3,12.0,67.0,1055.0,15.7,3.0,23.0,101.0,4.4,2.0,90,1156,12.8,5,13.0,54.0,676.0,12.5,2.0,32.0,158.0,4.9,0.0,86,834,9.7,2
0,,204.0,3063.0,15.0,25.0,47.0,350.0,7.4,8.0,251,3413,13.6,33,Titus Young,2010,Boise State,WAC,SR,WR,13.0,71.0,1215.0,17.1,9.0,14.0,94.0,6.7,1.0,85,1309,15.4,10,14.0,79.0,1041.0,13.2,10.0,15.0,138.0,9.2,3.0,94,1179,12.5,13,3.0,10.0,168.0,16.8,1.0,5.0,52.0,10.4,2.0,15,220,14.7,3
0,,140.0,1884.0,13.5,7.0,,,,,140,1884,13.5,7,Ryan Whalen,2010,Stanford,Pac-10,SR,WR,11.0,41.0,439.0,10.7,2.0,,,,,41,439,10.7,2,13.0,57.0,926.0,16.2,4.0,,,,,57,926,16.2,4,12.0,41.0,508.0,12.4,1.0,,,,,41,508,12.4,1
0,,152.0,2215.0,14.6,19.0,21.0,66.0,3.1,1.0,173,2281,13.2,20,Torrey Smith,2010,Maryland,ACC,JR,WR,13.0,67.0,1055.0,15.7,12.0,9.0,7.0,0.8,0.0,76,1062,14.0,12,12.0,61.0,824.0,13.5,5.0,11.0,59.0,5.4,1.0,72,883,12.3,6,13.0,24.0,336.0,14.0,2.0,1.0,0.0,0.0,0.0,25,336,13.4,2
0,,146.0,2242.0,15.4,18.0,8.0,9.0,1.1,0.0,154,2251,14.6,18,DeMarco Sampson,2010,San Diego State,MWC,SR,WR,13.0,67.0,1220.0,18.2,8.0,4.0,11.0,2.8,0.0,71,1231,17.3,8,12.0,62.0,851.0,13.7,8.0,4.0,-2.0,-0.5,0.0,66,849,12.9,8,11.0,11.0,111.0,10.1,1.0,,,,,11,111,10.1,1
0,,285.0,4345.0,15.2,26.0,,,,,285,4345,15.2,26,Greg Salas,2010,Hawaii,WAC,SR,WR,14.0,119.0,1889.0,15.9,14.0,,,,,119,1889,15.9,14,13.0,106.0,1590.0,15.0,8.0,,,,,106,1590,15.0,8,14.0,57.0,831.0,14.6,3.0,,,,,57,831,14.6,3
0,,181.0,3314.0,18.3,30.0,,,,,181,3314,18.3,30,Aldrick Robinson,2010,SMU,CUSA,SR,WR,14.0,65.0,1301.0,20.0,14.0,,,,,65,1301,20.0,14,13.0,47.0,800.0,17.0,5.0,,,,,47,800,17.0,5,10.0,59.0,1047.0,17.7,11.0,,,,,59,1047,17.7,11
0,,209.0,2491.0,11.9,22.0,125.0,701.0,5.6,8.0,334,3192,9.6,30,Kealoha Pilares,2010,Hawaii,WAC,SR,WR,13.0,88.0,1306.0,14.8,15.0,,,,,88,1306,14.8,15,13.0,66.0,690.0,10.5,4.0,1.0,13.0,13.0,0.0,67,703,10.5,4,10.0,29.0,246.0,8.5,2.0,56.0,300.0,5.4,5.0,85,546,6.4,7
0,,229.0,2838.0,12.4,39.0,1.0,-11.0,-11.0,0.0,230,2827,12.3,39,Austin Pettis,2010,Boise State,WAC,SR,WR,13.0,71.0,951.0,13.4,10.0,,,,,71,951,13.4,10,13.0,63.0,855.0,13.6,14.0,1.0,-11.0,-11.0,0.0,64,844,13.2,14,13.0,49.0,567.0,11.6,9.0,,,,,49,567,11.6,9
0,,103.0,1532.0,14.9,5.0,9.0,56.0,6.2,1.0,112,1588,14.2,6,Niles Paul,2010,Nebraska,Big 12,SR,WR,12.0,39.0,516.0,13.2,1.0,5.0,14.0,2.8,0.0,44,530,12.0,1,14.0,40.0,796.0,19.9,4.0,3.0,48.0,16.0,1.0,43,844,19.6,5,13.0,23.0,214.0,9.3,0.0,1.0,-6.0,-6.0,0.0,24,208,8.7,0
0,,112.0,2004.0,17.9,18.0,10.0,105.0,10.5,1.0,122,2109,17.3,19,Denarius Moore,2010,Tennessee,SEC,SR,WR,13.0,47.0,981.0,20.9,9.0,7.0,82.0,11.7,1.0,54,1063,19.7,10,13.0,40.0,540.0,13.5,7.0,3.0,23.0,7.7,0.0,43,563,13.1,7,12.0,11.0,271.0,24.6,2.0,,,,,11,271,24.6,2
0,,120.0,1299.0,10.8,12.0,63.0,306.0,4.9,8.0,183,1605,8.8,20,Jeremy Kerley,2010,Texas Christian,MWC,SR,WR,13.0,56.0,575.0,10.3,10.0,18.0,97.0,5.4,2.0,74,672,9.1,12,13.0,44.0,532.0,12.1,2.0,14.0,50.0,3.6,3.0,58,582,10.0,5,11.0,11.0,95.0,8.6,0.0,25.0,143.0,5.7,3.0,36,238,6.6,3
0,,179.0,2653.0,14.8,15.0,10.0,139.0,13.9,2.0,189,2792,14.8,17,Julio Jones,2010,Alabama,SEC,JR,WR,13.0,78.0,1133.0,14.5,7.0,8.0,135.0,16.9,2.0,86,1268,14.7,9,13.0,43.0,596.0,13.9,4.0,2.0,4.0,2.0,0.0,45,600,13.3,4,14.0,58.0,924.0,15.9,4.0,,,,,58,924,15.9,4
0,,138.0,1750.0,12.7,20.0,16.0,88.0,5.5,0.0,154,1838,11.9,20,Ronald Johnson,2010,USC,Pac-10,SR,WR,13.0,64.0,692.0,10.8,8.0,5.0,25.0,5.0,0.0,69,717,10.4,8,8.0,34.0,378.0,11.1,3.0,1.0,4.0,4.0,0.0,35,382,10.9,3,13.0,33.0,570.0,17.3,8.0,6.0,32.0,5.3,0.0,39,602,15.4,8
0,,262.0,3128.0,11.9,18.0,132.0,892.0,6.8,5.0,394,4020,10.2,23,Jerrel Jernigan,2010,Troy,Sun Belt,SR,WR,13.0,84.0,822.0,9.8,6.0,45.0,322.0,7.2,3.0,129,1144,8.9,9,13.0,71.0,1101.0,15.5,4.0,40.0,266.0,6.7,1.0,111,1367,12.3,5,12.0,77.0,868.0,11.3,5.0,33.0,254.0,7.7,1.0,110,1122,10.2,6
0,,268.0,3001.0,11.2,20.0,86.0,526.0,6.1,6.0,354,3527,10.0,26,Dwayne Harris,2010,East Carolina,CUSA,SR,WR,13.0,101.0,1123.0,11.1,10.0,16.0,104.0,6.5,0.0,117,1227,10.5,10,14.0,83.0,978.0,11.8,7.0,31.0,149.0,4.8,5.0,114,1127,9.9,12,10.0,58.0,654.0,11.3,1.0,19.0,76.0,4.0,0.0,77,730,9.5,1
0,,134.0,2160.0,16.1,22.0,,,,,134,2160,16.1,22,Leonard Hankerson,2010,Miami (FL),ACC,SR,WR,13.0,72.0,1156.0,16.1,13.0,,,,,72,1156,16.1,13,13.0,45.0,801.0,17.8,6.0,,,,,45,801,17.8,6,8.0,11.0,140.0,12.7,2.0,,,,,11,140,12.7,2
0,,166.0,2619.0,15.8,23.0,7.0,105.0,15.0,0.0,173,2724,15.7,23,A.J. Green,2010,Georgia,SEC,JR,WR,9.0,57.0,848.0,14.9,9.0,3.0,44.0,14.7,0.0,60,892,14.9,9,10.0,53.0,808.0,15.2,6.0,,,,,53,808,15.2,6,13.0,56.0,963.0,17.2,8.0,4.0,61.0,15.3,0.0,60,1024,17.1,8
0,,154.0,1854.0,12.0,13.0,42.0,290.0,6.9,2.0,196,2144,10.9,15,Tandon Doss,2010,Indiana,Big Ten,JR,WR,11.0,63.0,706.0,11.2,7.0,28.0,163.0,5.8,1.0,91,869,9.5,8,12.0,77.0,962.0,12.5,5.0,14.0,127.0,9.1,1.0,91,1089,12.0,6,8.0,14.0,186.0,13.3,1.0,,,,,14,186,13.3,1
0,,209.0,3110.0,14.9,23.0,7.0,34.0,4.9,0.0,216,3144,14.6,23,Vincent Brown,2010,San Diego State,MWC,SR,WR,13.0,69.0,1352.0,19.6,10.0,1.0,-13.0,-13.0,0.0,70,1339,19.1,10,7.0,45.0,778.0,17.3,6.0,3.0,10.0,3.3,0.0,48,788,16.4,6,12.0,64.0,631.0,9.9,5.0,3.0,37.0,12.3,0.0,67,668,10.0,5
0,,128.0,2337.0,18.3,16.0,5.0,68.0,13.6,0.0,133,2405,18.1,16,Jon Baldwin,2010,Pitt,Big East,,WR,13.0,53.0,822.0,15.5,5.0,3.0,3.0,1.0,0.0,56,825,14.7,5,13.0,57.0,1111.0,19.5,8.0,1.0,61.0,61.0,0.0,58,1172,20.2,8,13.0,18.0,404.0,22.4,3.0,1.0,4.0,4.0,0.0,19,408,21.5,3
0,,98.0,1327.0,13.5,8.0,18.0,118.0,6.6,0.0,116,1445,12.5,8,Devon Wylie,2011,Fresno State,WAC,SR,WR,13.0,56.0,716.0,12.8,1.0,8.0,48.0,6.0,0.0,64,764,11.9,1,1.0,2.0,39.0,19.5,1.0,1.0,4.0,4.0,0.0,3,43,14.3,1,10.0,17.0,259.0,15.2,4.0,3.0,16.0,5.3,0.0,20,275,13.8,4
0,,302.0,4004.0,13.3,30.0,75.0,425.0,5.7,2.0,377,4429,11.7,32,Kendall Wright,2011,Baylor,Big 12,SR,WR,13.0,108.0,1663.0,15.4,14.0,10.0,72.0,7.2,0.0,118,1735,14.7,14,13.0,78.0,952.0,12.2,7.0,8.0,53.0,6.6,0.0,86,1005,11.7,7,12.0,66.0,740.0,11.2,4.0,28.0,132.0,4.7,1.0,94,872,9.3,5
0,,168.0,2934.0,17.5,24.0,2.0,10.0,5.0,0.0,170,2944,17.3,24,Jarius Wright,2011,Arkansas,SEC,SR,WR,12.0,66.0,1117.0,16.9,12.0,,,,,66,1117,16.9,12,13.0,42.0,788.0,18.8,5.0,1.0,9.0,9.0,0.0,43,797,18.5,5,13.0,41.0,681.0,16.6,5.0,,,,,41,681,16.6,5
0,,306.0,4187.0,13.7,32.0,4.0,56.0,14.0,0.0,310,4243,13.7,32,Jordan White,2011,Western Michigan,MAC,SR,WR,13.0,140.0,1911.0,13.7,17.0,1.0,27.0,27.0,0.0,141,1938,13.7,17,12.0,94.0,1378.0,14.7,10.0,3.0,29.0,9.7,0.0,97,1407,14.5,10,9.0,53.0,681.0,12.8,4.0,,,,,53,681,12.8,4
0,,171.0,2447.0,14.3,18.0,6.0,34.0,5.7,0.0,177,2481,14.0,18,Nick Toon,2011,Wisconsin,Big Ten,SR,WR,13.0,64.0,926.0,14.5,10.0,,,,,64,926,14.5,10,9.0,36.0,459.0,12.8,3.0,2.0,10.0,5.0,0.0,38,469,12.3,3,13.0,54.0,805.0,14.9,4.0,4.0,24.0,6.0,0.0,58,829,14.3,4
0,,52.0,967.0,18.6,9.0,,,,,52,967,18.6,9,Tommy Streeter,2011,Miami (FL),ACC,JR,WR,12.0,46.0,811.0,17.6,8.0,,,,,46,811,17.6,8,8.0,1.0,42.0,42.0,1.0,,,,,1,42,42.0,1,10.0,5.0,114.0,22.8,0.0,,,,,5,114,22.8,0
0,,210.0,2263.0,10.8,12.0,125.0,653.0,5.2,9.0,335,2916,8.7,21,Mohamed Sanu,2011,Rutgers,Big East,JR,WR,13.0,115.0,1206.0,10.5,7.0,4.0,-2.0,-0.5,0.0,119,1204,10.1,7,12.0,44.0,418.0,9.5,2.0,59.0,309.0,5.2,4.0,103,727,7.1,6,13.0,51.0,639.0,12.5,3.0,62.0,346.0,5.6,5.0,113,985,8.7,8
0,,97.0,1634.0,16.8,13.0,,,,,97,1634,16.8,13,Rueben Randle,2011,LSU,SEC,JR,WR,14.0,53.0,917.0,17.3,8.0,,,,,53,917,17.3,8,13.0,33.0,544.0,16.5,3.0,,,,,33,544,16.5,3,13.0,11.0,173.0,15.7,2.0,,,,,11,173,15.7,2
0,,136.0,1955.0,14.4,18.0,3.0,13.0,4.3,0.0,139,1968,14.2,18,DeVier Posey,2011,Ohio State,Big Ten,SR,WR,4.0,12.0,162.0,13.5,2.0,1.0,-6.0,-6.0,0.0,13,156,12.0,2,13.0,53.0,848.0,16.0,7.0,,,,,53,848,16.0,7,13.0,60.0,828.0,13.8,8.0,2.0,19.0,9.5,0.0,62,847,13.7,8
0,,170.0,2861.0,16.8,28.0,8.0,63.0,7.9,0.0,178,2924,16.4,28,Marvin McNutt,2011,Iowa,Big Ten,SR,WR,13.0,82.0,1315.0,16.0,12.0,6.0,58.0,9.7,0.0,88,1373,15.6,12,13.0,53.0,861.0,16.2,8.0,1.0,5.0,5.0,0.0,54,866,16.0,8,13.0,34.0,674.0,19.8,8.0,,,,,34,674,19.8,8
0,,147.0,2243.0,15.3,13.0,10.0,75.0,7.5,2.0,157,2318,14.8,15,Rishard Matthews,2011,Nevada,WAC,SR,WR,12.0,91.0,1364.0,15.0,8.0,5.0,-1.0,-0.2,0.0,96,1363,14.2,8,14.0,56.0,879.0,15.7,5.0,5.0,76.0,15.2,2.0,61,955,15.7,7,0.0,0.0,0.0,0.0,0.0,0.0,0.0,0.0,0.0,0,0,0.0,0
0,,127.0,1714.0,13.5,10.0,64.0,540.0,8.4,3.0,191,2254,11.8,13,Keshawn Martin,2011,Michigan State,Big Ten,SR,WR,14.0,66.0,777.0,11.8,4.0,19.0,113.0,5.9,2.0,85,890,10.5,6,11.0,32.0,394.0,12.3,1.0,18.0,157.0,8.7,0.0,50,551,11.0,1,13.0,18.0,411.0,22.8,5.0,18.0,219.0,12.2,1.0,36,630,17.5,6
0,,156.0,2270.0,14.6,13.0,11.0,116.0,10.5,1.0,167,2386,14.3,14,Marvin Jones,2011,California,Pac-12,SR,WR,13.0,62.0,846.0,13.6,3.0,5.0,22.0,4.4,0.0,67,868,13.0,3,12.0,50.0,765.0,15.3,4.0,6.0,94.0,15.7,1.0,56,859,15.3,5,13.0,43.0,651.0,15.1,6.0,,,,,43,651,15.1,6
0,,167.0,2432.0,14.6,19.0,6.0,25.0,4.2,0.0,173,2457,14.2,19,A.J. Jenkins,2011,Illinois,Big Ten,SR,WR,13.0,90.0,1276.0,14.2,8.0,5.0,26.0,5.2,0.0,95,1302,13.7,8,13.0,56.0,746.0,13.3,7.0,,,,,56,746,13.3,7,8.0,10.0,123.0,12.3,1.0,1.0,-1.0,-1.0,0.0,11,122,11.1,1
0,,183.0,3042.0,16.6,23.0,,,,,183,3042,16.6,23,Alshon Jeffery,2011,South Carolina,SEC,JR,WR,13.0,49.0,762.0,15.6,8.0,,,,,49,762,15.6,8,14.0,88.0,1517.0,17.2,9.0,,,,,88,1517,17.2,9,13.0,46.0,763.0,16.6,6.0,,,,,46,763,16.6,6
0,,229.0,3531.0,15.4,24.0,69.0,498.0,7.2,7.0,298,4029,13.5,31,T.Y. Hilton,2011,Florida International,Sun Belt,SR,WR,13.0,72.0,1038.0,14.4,7.0,19.0,124.0,6.5,1.0,91,1162,12.8,8,13.0,59.0,848.0,14.4,5.0,30.0,282.0,9.4,4.0,89,1130,12.7,9,12.0,57.0,632.0,11.1,5.0,6.0,49.0,8.2,0.0,63,681,10.8,5
0,,49.0,1248.0,25.5,9.0,12.0,147.0,12.3,1.0,61,1395,22.9,10,Stephen Hill,2011,Georgia Tech,ACC,JR,WR,13.0,28.0,820.0,29.3,5.0,4.0,29.0,7.3,0.0,32,849,26.5,5,12.0,15.0,291.0,19.4,3.0,3.0,34.0,11.3,0.0,18,325,18.1,3,13.0,6.0,137.0,22.8,1.0,5.0,84.0,16.8,1.0,11,221,20.1,2
0,,88.0,1638.0,18.6,11.0,5.0,9.0,1.8,0.0,93,1647,17.7,11,Junior Hemingway,2011,Michigan,Big Ten,SR,WR,13.0,34.0,699.0,20.6,4.0,,,,,34,699,20.6,4,10.0,32.0,593.0,18.5,4.0,,,,,32,593,18.5,4,10.0,16.0,268.0,16.8,2.0,,,,,16,268,16.8,2
0,,99.0,1453.0,14.7,12.0,5.0,-9.0,-1.8,0.0,104,1444,13.9,12,T.J. Graham,2011,North Carolina State,ACC,SR,WR,13.0,46.0,757.0,16.5,7.0,2.0,-5.0,-2.5,0.0,48,752,15.7,7,13.0,25.0,316.0,12.6,4.0,1.0,-7.0,-7.0,0.0,26,309,11.9,4,7.0,12.0,129.0,10.8,1.0,,,,,12,129,10.8,1
0,,163.0,2473.0,15.2,21.0,45.0,238.0,5.3,2.0,208,2711,13.0,23,Chris Givens,2011,Wake Forest,ACC,JR,WR,13.0,83.0,1330.0,16.0,9.0,14.0,77.0,5.5,0.0,97,1407,14.5,9,11.0,35.0,514.0,14.7,4.0,16.0,63.0,3.9,2.0,51,577,11.3,6,12.0,45.0,629.0,14.0,8.0,15.0,98.0,6.5,0.0,60,727,12.1,8
0,,271.0,3686.0,13.6,37.0,4.0,30.0,7.5,1.0,275,3716,13.5,38,Michael Floyd,2011,Notre Dame,Ind,SR,WR,13.0,100.0,1147.0,11.5,9.0,2.0,13.0,6.5,1.0,102,1160,11.4,10,12.0,79.0,1025.0,13.0,12.0,1.0,9.0,9.0,0.0,80,1034,12.9,12,7.0,44.0,795.0,18.1,9.0,1.0,8.0,8.0,0.0,45,803,17.8,9
0,,218.0,3086.0,14.2,25.0,8.0,82.0,10.3,0.0,226,3168,14.0,25,B.J. Cunningham,2011,Michigan State,Big Ten,SR,WR,14.0,79.0,1306.0,16.5,12.0,3.0,26.0,8.7,0.0,82,1332,16.2,12,12.0,50.0,611.0,12.2,9.0,1.0,0.0,0.0,0.0,51,611,12.0,9,12.0,48.0,641.0,13.4,4.0,,,,,48,641,13.4,4
0,,209.0,2859.0,13.7,32.0,17.0,129.0,7.6,0.0,226,2988,13.2,32,Juron Criner,2011,Arizona,Pac-12,SR,WR,11.0,75.0,956.0,12.7,11.0,1.0,0.0,0.0,0.0,76,956,12.6,11,13.0,82.0,1233.0,15.0,11.0,8.0,66.0,8.3,0.0,90,1299,14.4,11,13.0,45.0,582.0,12.9,9.0,8.0,63.0,7.9,0.0,53,645,12.2,9
0,,165.0,2658.0,16.1,8.0,13.0,45.0,3.5,0.0,178,2703,15.2,8,Danny Coale,2011,Virginia Tech,ACC,SR,WR,14.0,60.0,904.0,15.1,3.0,4.0,26.0,6.5,0.0,64,930,14.5,3,14.0,39.0,732.0,18.8,3.0,1.0,-3.0,-3.0,0.0,40,729,18.2,3,13.0,30.0,614.0,20.5,2.0,2.0,8.0,4.0,0.0,32,622,19.4,2
0,,133.0,2066.0,15.5,15.0,,,,,133,2066,15.5,15,Greg Childs,2011,Arkansas,SEC,SR,WR,11.0,21.0,240.0,11.4,0.0,,,,,21,240,11.4,0,8.0,46.0,659.0,14.3,6.0,,,,,46,659,14.3,6,13.0,48.0,894.0,18.6,7.0,,,,,48,894,18.6,7
0,,349.0,4586.0,13.1,45.0,15.0,97.0,6.5,1.0,364,4683,12.9,46,Ryan Broyles,2011,Oklahoma,Big 12,SR,WR,9.0,83.0,1157.0,13.9,10.0,1.0,3.0,3.0,0.0,84,1160,13.8,10,14.0,131.0,1622.0,12.4,14.0,,,,,131,1622,12.4,14,12.0,89.0,1120.0,12.6,15.0,11.0,83.0,7.5,1.0,100,1203,12.0,16
0,,187.0,2515.0,13.4,18.0,31.0,239.0,7.7,1.0,218,2754,12.6,19,LaVon Brazill,2011,Ohio,MAC,SR,WR,14.0,72.0,1150.0,16.0,11.0,5.0,73.0,14.6,1.0,77,1223,15.9,12,3.0,12.0,78.0,6.5,0.0,3.0,5.0,1.7,0.0,15,83,5.5,0,13.0,53.0,702.0,13.2,6.0,14.0,86.0,6.1,0.0,67,788,11.8,6
0,,253.0,3564.0,14.1,40.0,8.0,84.0,10.5,1.0,261,3648,14.0,41,Justin Blackmon,2011,Oklahoma State,Big 12,JR,WR,13.0,122.0,1522.0,12.5,18.0,4.0,7.0,1.8,0.0,126,1529,12.1,18,12.0,111.0,1782.0,16.1,20.0,4.0,77.0,19.3,1.0,115,1859,16.2,21,13.0,20.0,260.0,13.0,2.0,,,,,20,260,13.0,2
0,,131.0,2146.0,16.4,13.0,25.0,126.0,5.0,1.0,156,2272,14.6,14,Travis Benjamin,2011,Miami (FL),ACC,SR,WR,11.0,41.0,609.0,14.9,3.0,8.0,19.0,2.4,0.0,49,628,12.8,3,13.0,43.0,743.0,17.3,3.0,3.0,44.0,14.7,0.0,46,787,17.1,3,13.0,29.0,501.0,17.3,4.0,9.0,21.0,2.3,0.0,38,522,13.7,4
0,,164.0,2410.0,14.7,17.0,27.0,248.0,9.2,2.0,191,2658,13.9,19,Joe Adams,2011,Arkansas,SEC,SR,WR,13.0,54.0,652.0,12.1,3.0,10.0,139.0,13.9,1.0,64,791,12.4,4,12.0,50.0,813.0,16.3,6.0,6.0,32.0,5.3,0.0,56,845,15.1,6,10.0,29.0,568.0,19.6,7.0,5.0,31.0,6.2,1.0,34,599,17.6,8
0,,252.0,2930.0,11.6,32.0,14.0,142.0,10.1,0.0,266,3072,11.5,32,Robert Woods,2012,USC,Pac-12,JR,WR,13.0,76.0,846.0,11.1,11.0,1.0,76.0,76.0,0.0,77,922,12.0,11,12.0,111.0,1292.0,11.6,15.0,7.0,16.0,2.3,0.0,118,1308,11.1,15,13.0,65.0,792.0,12.2,6.0,6.0,50.0,8.3,0.0,71,842,11.9,6
0,,189.0,3207.0,17.0,23.0,3.0,10.0,3.3,0.0,192,3217,16.8,23,Marquess Wilson,2012,Washington State,Pac-12,JR,WR,9.0,52.0,813.0,15.6,5.0,,,,,52,813,15.6,5,12.0,82.0,1388.0,16.9,12.0,3.0,10.0,3.3,0.0,85,1398,16.4,12,12.0,55.0,1006.0,18.3,6.0,,,,,55,1006,18.3,6
0,,202.0,3334.0,16.5,27.0,3.0,17.0,5.7,0.0,205,3351,16.3,27,Terrance Williams,2012,Baylor,Big 12,SR,WR,13.0,97.0,1832.0,18.9,12.0,2.0,14.0,7.0,0.0,99,1846,18.6,12,13.0,59.0,957.0,16.2,11.0,,,,,59,957,16.2,11,13.0,43.0,484.0,11.3,4.0,1.0,3.0,3.0,0.0,44,487,11.1,4
0,,227.0,2994.0,13.2,16.0,83.0,631.0,7.6,5.0,310,3625,11.7,21,Markus Wheaton,2012,Oregon State,Pac-12,SR,WR,13.0,91.0,1244.0,13.7,11.0,20.0,142.0,7.1,2.0,111,1386,12.5,13,12.0,73.0,986.0,13.5,1.0,25.0,190.0,7.6,0.0,98,1176,12.0,1,12.0,55.0,675.0,12.3,4.0,27.0,220.0,8.1,2.0,82,895,10.9,6
0,,252.0,3117.0,12.4,24.0,19.0,59.0,3.1,0.0,271,3176,11.7,24,Ryan Swope,2012,Texas A&M,SEC,SR,WR,13.0,72.0,913.0,12.7,8.0,1.0,-2.0,-2.0,0.0,73,911,12.5,8,13.0,89.0,1207.0,13.6,11.0,7.0,3.0,0.4,0.0,96,1210,12.6,11,13.0,72.0,825.0,11.5,4.0,11.0,58.0,5.3,0.0,83,883,10.6,4
0,,204.0,2594.0,12.7,24.0,3.0,23.0,7.7,0.0,207,2617,12.6,24,Kenny Stills,2012,Oklahoma,Big 12,JR,WR,13.0,82.0,959.0,11.7,11.0,2.0,22.0,11.0,0.0,84,981,11.7,11,11.0,61.0,849.0,13.9,8.0,1.0,1.0,1.0,0.0,62,850,13.7,8,14.0,61.0,786.0,12.9,5.0,,,,,61,786,12.9,5
0,,99.0,1230.0,12.4,13.0,12.0,72.0,6.0,0.0,111,1302,11.7,13,Ace Sanders,2012,South Carolina,SEC,JR,WR,13.0,45.0,531.0,11.8,9.0,3.0,1.0,0.3,0.0,48,532,11.1,9,13.0,29.0,383.0,13.2,2.0,4.0,15.0,3.8,0.0,33,398,12.1,2,14.0,25.0,316.0,12.6,2.0,5.0,56.0,11.2,0.0,30,372,12.4,2
0,,183.0,2594.0,14.2,24.0,11.0,37.0,3.4,0.0,194,2631,13.6,24,Quinton Patton,2012,Louisiana Tech,WAC,SR,WR,12.0,104.0,1392.0,13.4,13.0,1.0,-5.0,-5.0,0.0,105,1387,13.2,13,13.0,79.0,1202.0,15.2,11.0,10.0,42.0,4.2,0.0,89,1244,14.0,11,0.0,0.0,0.0,0.0,0.0,0.0,0.0,0.0,0.0,0,0,0.0,0
0,,46.0,778.0,16.9,5.0,25.0,308.0,12.3,3.0,71,1086,15.3,8,Cordarrelle Patterson,2012,Tennessee,SEC,JR,WR,12.0,46.0,778.0,16.9,5.0,25.0,308.0,12.3,3.0,71,1086,15.3,8,0.0,0.0,0.0,0.0,0.0,0.0,0.0,0.0,0.0,0,0,0.0,0,0.0,0.0,0.0,0.0,0.0,0.0,0.0,0.0,0.0,0,0,0.0,0
0,,136.0,2602.0,19.1,21.0,3.0,5.0,1.7,0.0,139,2607,18.8,21,Tavarres King,2012,Georgia,SEC,SR,WR,14.0,42.0,950.0,22.6,9.0,1.0,0.0,0.0,0.0,43,950,22.1,9,14.0,47.0,705.0,15.0,8.0,2.0,5.0,2.5,0.0,49,710,14.5,8,12.0,27.0,504.0,18.7,3.0,,,,,27,504,18.7,3
0,,106.0,1812.0,17.1,18.0,,,,,106,1812,17.1,18,Justin Hunter,2012,Tennessee,SEC,JR,WR,12.0,73.0,1083.0,14.8,9.0,,,,,73,1083,14.8,9,3.0,17.0,314.0,18.5,2.0,,,,,17,314,18.5,2,13.0,16.0,415.0,25.9,7.0,,,,,16,415,25.9,7
0,,206.0,3020.0,14.7,27.0,,,,,206,3020,14.7,27,DeAndre Hopkins,2012,Clemson,ACC,JR,WR,13.0,82.0,1405.0,17.1,18.0,,,,,82,1405,17.1,18,14.0,72.0,978.0,13.6,5.0,,,,,72,978,13.6,5,12.0,52.0,637.0,12.3,4.0,,,,,52,637,12.3,4
0,,123.0,1734.0,14.1,12.0,8.0,45.0,5.6,0.0,131,1779,13.6,12,Chris Harper,2012,Kansas State,Big 12,SR,WR,13.0,58.0,857.0,14.8,3.0,0.0,-7.0,,0.0,58,850,14.7,3,13.0,40.0,547.0,13.7,5.0,3.0,5.0,1.7,0.0,43,552,12.8,5,13.0,25.0,330.0,13.2,4.0,5.0,47.0,9.4,0.0,30,377,12.6,4
0,,175.0,2854.0,16.3,18.0,1.0,-8.0,-8.0,0.0,176,2846,16.2,18,Cobi Hamilton,2012,Arkansas,SEC,SR,WR,12.0,90.0,1335.0,14.8,5.0,,,,,90,1335,14.8,5,13.0,34.0,542.0,15.9,4.0,,,,,34,542,15.9,4,13.0,32.0,630.0,19.7,6.0,,,,,32,630,19.7,6
0,,120.0,1364.0,11.4,7.0,46.0,405.0,8.8,3.0,166,1769,10.7,10,Marquise Goodwin,2012,Texas,Big 12,SR,WR,13.0,26.0,340.0,13.1,3.0,13.0,140.0,10.8,3.0,39,480,12.3,6,12.0,33.0,421.0,12.8,2.0,22.0,220.0,10.0,0.0,55,641,11.7,2,11.0,31.0,324.0,10.5,1.0,9.0,37.0,4.1,0.0,40,361,9.0,1
0,,45.0,834.0,18.5,6.0,1.0,10.0,10.0,0.0,46,844,18.3,6,Corey Fuller,2012,Virginia Tech,ACC,SR,WR,13.0,43.0,815.0,19.0,6.0,1.0,10.0,10.0,0.0,44,825,18.8,6,7.0,2.0,19.0,9.5,0.0,,,,,2,19,9.5,0,0.0,0.0,0.0,0.0,0.0,0.0,0.0,0.0,0.0,0,0,0.0,0
0,,165.0,2398.0,14.5,24.0,3.0,19.0,6.3,0.0,168,2417,14.4,24,Aaron Dobson,2012,Marshall,CUSA,SR,WR,10.0,57.0,679.0,11.9,3.0,,,,,57,679,11.9,3,13.0,49.0,668.0,13.6,12.0,1.0,1.0,1.0,0.0,50,669,13.4,12,12.0,44.0,689.0,15.7,5.0,2.0,18.0,9.0,0.0,46,707,15.4,5
0,,161.0,2535.0,15.7,22.0,4.0,7.0,1.8,1.0,165,2542,15.4,23,Josh Boyce,2012,Texas Christian,Big 12,JR,WR,13.0,66.0,891.0,13.5,7.0,3.0,6.0,2.0,1.0,69,897,13.0,8,13.0,61.0,998.0,16.4,9.0,1.0,1.0,1.0,0.0,62,999,16.1,9,13.0,34.0,646.0,19.0,6.0,,,,,34,646,19.0,6
0,,210.0,3218.0,15.3,41.0,2.0,13.0,6.5,0.0,212,3231,15.2,41,Stedman Bailey,2012,West Virginia,Big 12,JR,WR,13.0,114.0,1622.0,14.2,25.0,2.0,13.0,6.5,0.0,116,1635,14.1,25,13.0,72.0,1279.0,17.8,12.0,,,,,72,1279,17.8,12,13.0,24.0,317.0,13.2,4.0,,,,,24,317,13.2,4
0,,288.0,3413.0,11.9,29.0,110.0,1033.0,9.4,6.0,398,4446,11.2,35,Tavon Austin,2012,West Virginia,Big 12,SR,WR,13.0,114.0,1289.0,11.3,12.0,72.0,643.0,8.9,3.0,186,1932,10.4,15,13.0,101.0,1186.0,11.7,8.0,16.0,182.0,11.4,1.0,117,1368,11.7,9,13.0,58.0,787.0,13.6,8.0,16.0,161.0,10.1,1.0,74,948,12.8,9
0,,205.0,2570.0,12.5,17.0,30.0,230.0,7.7,2.0,235,2800,11.9,19,Keenan Allen,2012,California,Pac-12,JR,WR,9.0,61.0,737.0,12.1,6.0,3.0,39.0,13.0,1.0,64,776,12.1,7,13.0,98.0,1343.0,13.7,6.0,9.0,55.0,6.1,0.0,107,1398,13.1,6,11.0,46.0,490.0,10.7,5.0,18.0,136.0,7.6,1.0,64,626,9.8,6
0,,240.0,3391.0,14.1,27.0,52.0,339.0,6.5,1.0,292,3730,12.8,28,Sammy Watkins,2013,Clemson,ACC,JR,WR,13.0,101.0,1464.0,14.5,12.0,6.0,11.0,1.8,0.0,107,1475,13.8,12,10.0,57.0,708.0,12.4,3.0,14.0,97.0,6.9,1.0,71,805,11.3,4,13.0,82.0,1219.0,14.9,12.0,32.0,231.0,7.2,0.0,114,1450,12.7,12
0,,202.0,2901.0,14.4,16.0,11.0,77.0,7.0,0.0,213,2978,14.0,16,Devin Street,2013,Pitt,ACC,SR,WR,10.0,51.0,854.0,16.7,7.0,3.0,6.0,2.0,0.0,54,860,15.9,7,13.0,73.0,975.0,13.4,5.0,3.0,30.0,10.0,0.0,76,1005,13.2,5,13.0,53.0,754.0,14.2,2.0,2.0,25.0,12.5,0.0,55,779,14.2,2
0,,177.0,2479.0,14.0,17.0,6.0,36.0,6.0,0.0,183,2515,13.7,17,Allen Robinson,2013,Penn State,Big Ten,JR,WR,12.0,97.0,1432.0,14.8,6.0,6.0,36.0,6.0,0.0,103,1468,14.3,6,12.0,77.0,1018.0,13.2,11.0,,,,,77,1018,13.2,11,11.0,3.0,29.0,9.7,0.0,,,,,3,29,9.7,0
0,,156.0,2412.0,15.5,21.0,9.0,38.0,4.2,0.0,165,2450,14.8,21,Paul Richardson,2013,Colorado,Pac-12,JR,WR,12.0,83.0,1343.0,16.2,10.0,1.0,7.0,7.0,0.0,84,1350,16.1,10,9.0,39.0,555.0,14.2,5.0,2.0,24.0,12.0,0.0,41,579,14.1,5,12.0,34.0,514.0,15.1,6.0,6.0,7.0,1.2,0.0,40,521,13.0,6
0,,187.0,3102.0,16.6,24.0,11.0,136.0,12.4,0.0,198,3238,16.4,24,Tevin Reese,2013,Baylor,Big 12,SR,WR,8.0,38.0,867.0,22.8,8.0,0.0,0.0,,0.0,38,867,22.8,8,13.0,53.0,957.0,18.1,9.0,4.0,21.0,5.3,0.0,57,978,17.2,9,13.0,51.0,877.0,17.2,7.0,5.0,102.0,20.4,0.0,56,979,17.5,7
0,,81.0,1275.0,15.7,12.0,0.0,0.0,,0.0,81,1275,15.7,12,Kevin Norwood,2013,Alabama,SEC,,WR,12.0,38.0,568.0,14.9,7.0,0.0,0.0,,0.0,38,568,14.9,7,13.0,29.0,461.0,15.9,4.0,,,,,29,461,15.9,4,11.0,11.0,190.0,17.3,0.0,,,,,11,190,17.3,0
0,,156.0,2371.0,15.2,20.0,0.0,0.0,,0.0,156,2371,15.2,20,Donte Moncrief,2013,Ole Miss,SEC,JR,WR,13.0,59.0,938.0,15.9,6.0,0.0,0.0,,0.0,59,938,15.9,6,13.0,66.0,979.0,14.8,10.0,,,,,66,979,14.8,10,12.0,31.0,454.0,14.6,4.0,,,,,31,454,14.6,4
0,,262.0,3759.0,14.3,24.0,9.0,115.0,12.8,1.0,271,3874,14.3,25,Jordan Matthews,2013,Vanderbilt,SEC,SR,WR,13.0,112.0,1477.0,13.2,7.0,6.0,54.0,9.0,0.0,118,1531,13.0,7,13.0,94.0,1323.0,14.1,8.0,3.0,61.0,20.3,1.0,97,1384,14.3,9,13.0,41.0,778.0,19.0,5.0,,,,,41,778,19.0,5
0,,248.0,3655.0,14.7,29.0,24.0,146.0,6.1,0.0,272,3801,14.0,29,Marqise Lee,2013,USC,Pac-12,JR,WR,11.0,57.0,791.0,13.9,4.0,6.0,7.0,1.2,0.0,63,798,12.7,4,13.0,118.0,1721.0,14.6,14.0,13.0,106.0,8.2,0.0,131,1827,13.9,14,12.0,73.0,1143.0,15.7,11.0,5.0,33.0,6.6,0.0,78,1176,15.1,11
0,,135.0,2042.0,15.1,17.0,2.0,3.0,1.5,0.0,137,2045,14.9,17,Cody Latimer,2013,Indiana,Big Ten,JR,WR,12.0,72.0,1096.0,15.2,9.0,0.0,0.0,,0.0,72,1096,15.2,9,12.0,51.0,805.0,15.8,6.0,,,,,51,805,15.8,6,8.0,12.0,141.0,11.8,2.0,2.0,3.0,1.5,0.0,14,144,10.3,2
0,,137.0,1809.0,13.2,15.0,0.0,0.0,,0.0,137,1809,13.2,15,Jarvis Landry,2013,LSU,SEC,JR,WR,13.0,77.0,1193.0,15.5,10.0,0.0,0.0,,0.0,77,1193,15.5,10,13.0,56.0,573.0,10.2,5.0,,,,,56,573,10.2,5,14.0,4.0,43.0,10.8,0.0,,,,,4,43,10.8,0
0,,144.0,2366.0,16.4,24.0,18.0,242.0,13.4,2.0,162,2608,16.1,26,Josh Huff,2013,Oregon,Pac-12,SR,WR,13.0,62.0,1140.0,18.4,12.0,6.0,28.0,4.7,0.0,68,1168,17.2,12,11.0,32.0,493.0,15.4,7.0,,,,,32,493,15.4,7,12.0,31.0,430.0,13.9,2.0,,,,,31,430,13.9,2
0,,152.0,2025.0,13.3,20.0,54.0,310.0,5.7,0.0,206,2335,11.3,20,Robert Herron,2013,Wyoming,MWC,SR,WR,12.0,72.0,932.0,12.9,9.0,2.0,12.0,6.0,0.0,74,944,12.8,9,8.0,31.0,657.0,21.2,8.0,4.0,10.0,2.5,0.0,35,667,19.1,8,12.0,43.0,379.0,8.8,3.0,8.0,53.0,6.6,0.0,51,432,8.5,3
0,,196.0,2769.0,14.1,21.0,5.0,3.0,0.6,0.0,201,2772,13.8,21,Ryan Grant,2013,Tulane,CUSA,SR,WR,13.0,77.0,1039.0,13.5,9.0,0.0,0.0,,0.0,77,1039,13.5,9,12.0,76.0,1149.0,15.1,6.0,,,,,76,1149,15.1,6,1.0,1.0,27.0,27.0,1.0,,,,,1,27,27.0,1
0,,173.0,2704.0,15.6,17.0,17.0,97.0,5.7,0.0,190,2801,14.7,17,Jeremy Gallon,2013,Michigan,Big Ten,SR,WR,13.0,89.0,1373.0,15.4,9.0,3.0,4.0,1.3,0.0,92,1377,15.0,9,13.0,49.0,829.0,16.9,4.0,11.0,67.0,6.1,0.0,60,896,14.9,4,13.0,31.0,453.0,14.6,3.0,3.0,26.0,8.7,0.0,34,479,14.1,3
0,,151.0,2499.0,16.5,17.0,0.0,0.0,,0.0,151,2499,16.5,17,Mike Evans,2013,Texas A&M,SEC,SO,WR,13.0,69.0,1394.0,20.2,12.0,0.0,0.0,,0.0,69,1394,20.2,12,13.0,82.0,1105.0,13.5,5.0,,,,,82,1105,13.5,5,0.0,0.0,0.0,0.0,0.0,0.0,0.0,0.0,0.0,0,0,0.0,0
0,,115.0,1526.0,13.3,15.0,3.0,-1.0,-0.3,0.0,118,1525,12.9,15,Quincy Enunwa,2013,Nebraska,Big Ten,SR,WR,12.0,51.0,753.0,14.8,12.0,3.0,-1.0,-0.3,0.0,54,752,13.9,12,14.0,42.0,470.0,11.2,1.0,,,,,42,470,11.2,1,13.0,21.0,293.0,14.0,2.0,,,,,21,293,14.0,2
0,,106.0,1586.0,15.0,16.0,25.0,148.0,5.9,1.0,131,1734,13.2,17,Bruce Ellington,2013,South Carolina,SEC,JR,WR,12.0,49.0,775.0,15.8,8.0,3.0,14.0,4.7,0.0,52,789,15.2,8,13.0,40.0,600.0,15.0,7.0,5.0,28.0,5.6,0.0,45,628,14.0,7,13.0,17.0,211.0,12.4,1.0,17.0,106.0,6.2,1.0,34,317,9.3,2
0,,226.0,3272.0,14.5,24.0,61.0,340.0,5.6,2.0,287,3612,12.6,26,Brandin Cooks,2013,Oregon State,Pac-12,JR,WR,13.0,128.0,1730.0,13.5,16.0,32.0,217.0,6.8,2.0,160,1947,12.2,18,13.0,67.0,1151.0,17.2,5.0,19.0,82.0,4.3,0.0,86,1233,14.3,5,12.0,31.0,391.0,12.6,3.0,10.0,41.0,4.1,0.0,41,432,10.5,3
0,,229.0,2506.0,10.9,14.0,51.0,238.0,4.7,2.0,280,2744,9.8,16,Michael Campanaro,2013,Wake Forest,ACC,SR,WR,8.0,67.0,803.0,12.0,6.0,4.0,10.0,2.5,0.0,71,813,11.5,6,10.0,79.0,763.0,9.7,6.0,16.0,82.0,5.1,1.0,95,845,8.9,7,12.0,73.0,833.0,11.4,2.0,2.0,23.0,11.5,0.0,75,856,11.4,2
0,,61.0,1354.0,22.2,13.0,1.0,17.0,17.0,0.0,62,1371,22.1,13,Martavis Bryant,2013,Clemson,ACC,JR,WR,13.0,42.0,828.0,19.7,7.0,0.0,0.0,,0.0,42,828,19.7,7,10.0,10.0,305.0,30.5,4.0,1.0,17.0,17.0,0.0,11,322,29.3,4,14.0,9.0,221.0,24.6,2.0,,,,,9,221,24.6,2
0,,84.0,1506.0,17.9,19.0,2.0,33.0,16.5,0.0,86,1539,17.9,19,Kelvin Benjamin,2013,Florida State,ACC,SO,WR,14.0,54.0,1011.0,18.7,15.0,0.0,0.0,,0.0,54,1011,18.7,15,14.0,30.0,495.0,16.5,4.0,2.0,33.0,16.5,0.0,32,528,16.5,4,0.0,0.0,0.0,0.0,0.0,0.0,0.0,0.0,0.0,0,0,0.0,0
0,,143.0,2340.0,16.4,12.0,7.0,77.0,11.0,0.0,150,2417,16.1,12,"Odell Beckham, Jr.",2013,LSU,SEC,,WR,13.0,59.0,1152.0,19.5,8.0,5.0,58.0,11.6,0.0,64,1210,18.9,8,13.0,43.0,713.0,16.6,2.0,,,,,43,713,16.6,2,14.0,41.0,475.0,11.6,2.0,2.0,19.0,9.5,0.0,43,494,11.5,2
0,,233.0,3031.0,13.0,38.0,0.0,0.0,,0.0,233,3031,13.0,38,Davante Adams,2013,Fresno State,MWC,SO,WR,13.0,131.0,1719.0,13.1,24.0,0.0,0.0,,0.0,131,1719,13.1,24,13.0,102.0,1312.0,12.9,14.0,,,,,102,1312,12.9,14,0.0,0.0,0.0,0.0,0.0,0.0,0.0,0.0,0.0,0,0,0.0,0
0,,202.0,3140.0,15.5,23.0,28.0,291.0,10.4,2.0,230,3431,14.9,25,Jared Abbrederis,2013,Wisconsin,Big Ten,SR,WR,13.0,78.0,1081.0,13.9,7.0,6.0,119.0,19.8,2.0,84,1200,14.3,9,13.0,49.0,837.0,17.1,5.0,8.0,83.0,10.4,0.0,57,920,16.1,5,14.0,55.0,933.0,17.0,8.0,11.0,62.0,5.6,0.0,66,995,15.1,8
0,,144.0,1954.0,13.6,15.0,0.0,0.0,,0.0,144,1954,13.6,15,Kevin White,2014,West Virginia,Big 12,SR,WR,13.0,109.0,1447.0,13.3,10.0,0.0,0.0,,0.0,109,1447,13.3,10,10.0,35.0,507.0,14.5,5.0,0.0,0.0,,0.0,35,507,14.5,5,0.0,0.0,0.0,0.0,0.0,0.0,0.0,0.0,0.0,0,0,0.0,0
0,,51.0,971.0,19.0,9.0,0.0,0.0,,0.0,51,971,19.0,9,Darren Waller,2014,Georgia Tech,ACC,SR,WR,10.0,26.0,442.0,17.0,6.0,0.0,0.0,,0.0,26,442,17.0,6,9.0,17.0,367.0,21.6,3.0,0.0,0.0,,0.0,17,367,21.6,3,14.0,8.0,162.0,20.3,0.0,,,,,8,162,20.3,0
0,,157.0,2287.0,14.6,17.0,0.0,0.0,,0.0,157,2287,14.6,17,Jaelen Strong,2014,Arizona State,Pac-12,JR,WR,12.0,82.0,1165.0,14.2,10.0,0.0,0.0,,0.0,82,1165,14.2,10,14.0,75.0,1122.0,15.0,7.0,0.0,0.0,,0.0,75,1122,15.0,7,0.0,0.0,0.0,0.0,0.0,0.0,0.0,0.0,0.0,0,0,0.0,0
0,,121.0,2503.0,20.7,30.0,1.0,2.0,2.0,0.0,122,2505,20.5,30,Devin Smith,2014,Ohio State,Big Ten,SR,WR,14.0,33.0,931.0,28.2,12.0,0.0,0.0,,0.0,33,931,28.2,12,14.0,44.0,660.0,15.0,8.0,0.0,0.0,,0.0,44,660,15.0,8,12.0,30.0,618.0,20.6,6.0,1.0,2.0,2.0,0.0,31,620,20.0,6
0,,56.0,1060.0,18.9,11.0,4.0,115.0,28.8,1.0,60,1175,19.6,12,DeAndre Smelter,2014,Georgia Tech,ACC,SR,WR,10.0,35.0,715.0,20.4,7.0,3.0,103.0,34.3,1.0,38,818,21.5,8,12.0,21.0,345.0,16.4,4.0,1.0,12.0,12.0,0.0,22,357,16.2,4,0.0,0.0,0.0,0.0,0.0,0.0,0.0,0.0,0.0,0,0,0.0,0
0,,115.0,2243.0,19.5,16.0,1.0,0.0,0.0,0.0,116,2243,19.3,16,Breshad Perriman,2014,UCF,American,JR,WR,13.0,50.0,1044.0,20.9,9.0,1.0,0.0,0.0,0.0,51,1044,20.5,9,12.0,39.0,811.0,20.8,4.0,0.0,0.0,,0.0,39,811,20.8,4,14.0,26.0,388.0,14.9,3.0,,,,,26,388,14.9,3
0,,156.0,2775.0,17.8,33.0,0.0,0.0,,0.0,156,2775,17.8,33,DeVante Parker,2014,Louisville,ACC,SR,WR,6.0,43.0,855.0,19.9,5.0,0.0,0.0,,0.0,43,855,19.9,5,12.0,55.0,885.0,16.1,12.0,0.0,0.0,,0.0,55,885,16.1,12,13.0,40.0,744.0,18.6,10.0,,,,,40,744,18.6,10
0,,88.0,1348.0,15.3,7.0,14.0,125.0,8.9,1.0,102,1473,14.4,8,Keith Mumphery,2014,Michigan State,Big Ten,SR,WR,12.0,26.0,495.0,19.0,3.0,6.0,85.0,14.2,1.0,32,580,18.1,4,12.0,18.0,299.0,16.6,3.0,2.0,2.0,1.0,0.0,20,301,15.1,3,13.0,42.0,515.0,12.3,1.0,6.0,38.0,6.3,0.0,48,553,11.5,1
0,,172.0,2125.0,12.4,15.0,39.0,334.0,8.6,4.0,211,2459,11.7,19,Ty Montgomery,2014,Stanford,Pac-12,SR,WR,11.0,61.0,604.0,9.9,3.0,23.0,144.0,6.3,1.0,84,748,8.9,4,14.0,61.0,958.0,15.7,10.0,13.0,159.0,12.2,2.0,74,1117,15.1,12,11.0,26.0,213.0,8.2,0.0,1.0,-11.0,-11.0,0.0,27,202,7.5,0
0,,148.0,2022.0,13.7,16.0,0.0,0.0,,0.0,148,2022,13.7,16,Vince Mayle,2014,Washington State,Pac-12,SR,WR,12.0,106.0,1483.0,14.0,9.0,0.0,0.0,,0.0,106,1483,14.0,9,11.0,42.0,539.0,12.8,7.0,0.0,0.0,,0.0,42,539,12.8,7,0.0,0.0,0.0,0.0,0.0,0.0,0.0,0.0,0.0,0,0,0.0,0
0,,249.0,3710.0,14.9,29.0,22.0,192.0,8.7,0.0,271,3902,14.4,29,Tyler Lockett,2014,Kansas State,Big 12,SR,WR,13.0,106.0,1515.0,14.3,11.0,3.0,17.0,5.7,0.0,109,1532,14.1,11,12.0,81.0,1262.0,15.6,11.0,2.0,10.0,5.0,0.0,83,1272,15.3,11,13.0,44.0,687.0,15.6,4.0,7.0,55.0,7.9,0.0,51,742,14.5,4
0,,149.0,2247.0,15.1,15.0,6.0,51.0,8.5,1.0,155,2298,14.8,16,Tony Lippett,2014,Michigan State,Big Ten,SR,WR,13.0,65.0,1198.0,18.4,11.0,2.0,51.0,25.5,1.0,67,1249,18.6,12,12.0,44.0,613.0,13.9,2.0,1.0,3.0,3.0,0.0,45,616,13.7,2,13.0,36.0,392.0,10.9,2.0,2.0,0.0,0.0,0.0,38,392,10.3,2
0,,387.0,4541.0,11.7,35.0,1.0,7.0,7.0,1.0,388,4548,11.7,36,Justin Hardy,2014,East Carolina,American,SR,WR,13.0,121.0,1494.0,12.3,10.0,1.0,7.0,7.0,1.0,122,1501,12.3,11,13.0,114.0,1284.0,11.3,8.0,0.0,0.0,,0.0,114,1284,11.3,8,13.0,88.0,1105.0,12.6,11.0,,,,,88,1105,12.6,11
0,,270.0,3830.0,14.2,29.0,9.0,81.0,9.0,1.0,279,3911,14.0,30,Rashad Greene,2014,Florida State,ACC,SR,WR,14.0,99.0,1365.0,13.8,7.0,1.0,-2.0,-2.0,0.0,100,1363,13.6,7,14.0,76.0,1128.0,14.8,9.0,1.0,9.0,9.0,0.0,77,1137,14.8,9,14.0,57.0,741.0,13.0,6.0,4.0,30.0,7.5,1.0,61,771,12.6,7
0,,87.0,1278.0,14.7,17.0,6.0,19.0,3.2,0.0,93,1297,13.9,17,Dorial Green-Beckham,2013,Missouri,SEC,SO,WR,14.0,59.0,883.0,15.0,12.0,1.0,3.0,3.0,0.0,60,886,14.8,12,11.0,28.0,395.0,14.1,5.0,5.0,16.0,3.2,0.0,33,411,12.5,5,0.0,0.0,0.0,0.0,0.0,0.0,0.0,0.0,0.0,0,0,0.0,0
0,,126.0,1715.0,13.6,15.0,8.0,23.0,2.9,0.0,134,1738,13.0,15,Devin Funchess,2014,Michigan,Big Ten,JR,WR,11.0,62.0,733.0,11.8,4.0,2.0,-11.0,-5.5,0.0,64,722,11.3,4,13.0,49.0,748.0,15.3,6.0,6.0,34.0,5.7,0.0,55,782,14.2,6,13.0,15.0,234.0,15.6,5.0,,,,,15,234,15.6,5
0,,121.0,2132.0,17.6,17.0,7.0,2.0,0.3,0.0,128,2134,16.7,17,Phillip Dorsett,2014,Miami (FL),ACC,SR,WR,12.0,36.0,871.0,24.2,10.0,2.0,-6.0,-3.0,0.0,38,865,22.8,10,7.0,13.0,272.0,20.9,2.0,0.0,0.0,,0.0,13,272,20.9,2,12.0,58.0,842.0,14.5,4.0,5.0,8.0,1.6,0.0,63,850,13.5,4
0,,150.0,2227.0,14.8,14.0,32.0,187.0,5.8,0.0,182,2414,13.3,14,Stefon Diggs,2014,Maryland,Big Ten,JR,WR,10.0,62.0,792.0,12.8,5.0,5.0,28.0,5.6,0.0,67,820,12.2,5,7.0,34.0,587.0,17.3,3.0,7.0,45.0,6.4,0.0,41,632,15.4,3,11.0,54.0,848.0,15.7,6.0,20.0,114.0,5.7,0.0,74,962,13.0,6
0,,165.0,2292.0,13.9,7.0,0.0,0.0,,0.0,165,2292,13.9,7,Geremy Davis,2014,Connecticut,American,SR,WR,10.0,44.0,521.0,11.8,3.0,0.0,0.0,,0.0,44,521,11.8,3,12.0,71.0,1085.0,15.3,3.0,0.0,0.0,,0.0,71,1085,15.3,3,12.0,44.0,613.0,13.9,1.0,,,,,44,613,13.9,1
0,,283.0,3641.0,12.9,23.0,21.0,135.0,6.4,1.0,304,3776,12.4,24,Jamison Crowder,2014,Duke,ACC,SR,WR,13.0,85.0,1044.0,12.3,6.0,2.0,9.0,4.5,0.0,87,1053,12.1,6,14.0,108.0,1360.0,12.6,8.0,8.0,71.0,8.9,1.0,116,1431,12.3,9,13.0,76.0,1074.0,14.1,8.0,3.0,13.0,4.3,0.0,79,1087,13.8,8
0,,228.0,3463.0,15.2,31.0,6.0,51.0,8.5,0.0,234,3514,15.0,31,Amari Cooper,2014,Alabama,SEC,JR,WR,14.0,124.0,1727.0,13.9,16.0,5.0,23.0,4.6,0.0,129,1750,13.6,16,11.0,45.0,736.0,16.4,4.0,1.0,28.0,28.0,0.0,46,764,16.6,4,14.0,59.0,1000.0,16.9,11.0,,,,,59,1000,16.9,11
0,,117.0,1938.0,16.6,20.0,0.0,0.0,,0.0,117,1938,16.6,20,Chris Conley,2014,Georgia,SEC,SR,WR,13.0,36.0,657.0,18.3,8.0,0.0,0.0,,0.0,36,657,18.3,8,11.0,45.0,651.0,14.5,4.0,0.0,0.0,,0.0,45,651,14.5,4,14.0,20.0,342.0,17.1,6.0,,,,,20,342,17.1,6
0,,82.0,1757.0,21.4,13.0,0.0,0.0,,0.0,82,1757,21.4,13,Sammie Coates,2014,Auburn,SEC,JR,WR,12.0,34.0,741.0,21.8,4.0,0.0,0.0,,0.0,34,741,21.8,4,13.0,42.0,902.0,21.5,7.0,0.0,0.0,,0.0,42,902,21.5,7,12.0,6.0,114.0,19.0,2.0,,,,,6,114,19.0,2
0,,43.0,523.0,12.2,4.0,4.0,4.0,1.0,0.0,47,527,11.2,4,Kaelin Clay,2014,Utah,Pac-12,SR,WR,13.0,43.0,523.0,12.2,4.0,4.0,4.0,1.0,0.0,47,527,11.2,4,0.0,0.0,0.0,0.0,0.0,0.0,0.0,0.0,0.0,0,0,0.0,0,0.0,0.0,0.0,0.0,0.0,0.0,0.0,0.0,0.0,0,0,0.0,0
0,,155.0,2295.0,14.8,19.0,22.0,160.0,7.3,2.0,177,2455,13.9,21,Da'Ron Brown,2014,Northern Illinois,MAC,SR,WR,14.0,68.0,1065.0,15.7,6.0,10.0,108.0,10.8,1.0,78,1173,15.0,7,12.0,46.0,752.0,16.3,9.0,7.0,45.0,6.4,0.0,53,797,15.0,9,14.0,17.0,156.0,9.2,2.0,4.0,4.0,1.0,1.0,21,160,7.6,3
0,,181.0,2689.0,14.9,21.0,6.0,109.0,18.2,1.0,187,2798,15.0,22,Kenny Bell,2014,Nebraska,Big Ten,SR,WR,13.0,47.0,788.0,16.8,6.0,0.0,0.0,,0.0,47,788,16.8,6,13.0,52.0,577.0,11.1,4.0,1.0,1.0,1.0,0.0,53,578,10.9,4,14.0,50.0,863.0,17.3,8.0,2.0,8.0,4.0,0.0,52,871,16.8,8
0,,92.0,1497.0,16.3,13.0,7.0,61.0,8.7,0.0,99,1558,15.7,13,Mario Alford,2014,West Virginia,Big 12,SR,WR,13.0,65.0,945.0,14.5,11.0,2.0,14.0,7.0,0.0,67,959,14.3,11,9.0,27.0,552.0,20.4,2.0,5.0,47.0,9.4,0.0,32,599,18.7,2,0.0,0.0,0.0,0.0,0.0,0.0,0.0,0.0,0.0,0,0,0.0,0
0,,178.0,2572.0,14.4,20.0,7.0,18.0,2.6,0.0,185,2590,14.0,20,Nelson Agholor,2014,USC,Pac-12,JR,WR,13.0,104.0,1313.0,12.6,12.0,4.0,3.0,0.8,0.0,108,1316,12.2,12,14.0,56.0,918.0,16.4,6.0,2.0,8.0,4.0,0.0,58,926,16.0,6,13.0,18.0,341.0,18.9,2.0,1.0,7.0,7.0,0.0,19,348,18.3,2
0,,202.0,2393.0,11.8,21.0,6.0,-10.0,-1.7,0.0,208,2383,11.5,21,Laquon Treadwell,2015,Ole Miss,SEC,JR,WR,13.0,82.0,1153.0,14.1,11.0,1.0,-5.0,-5.0,0.0,83,1148,13.8,11,9.0,48.0,632.0,13.2,5.0,2.0,-7.0,-3.5,0.0,50,625,12.5,5,13.0,72.0,608.0,8.4,5.0,3.0,2.0,0.7,0.0,75,610,8.1,5
0,,113.0,1602.0,14.2,18.0,0.0,0.0,,0.0,113,1602,14.2,18,Michael Thomas,2015,Ohio State,Big Ten,JR,WR,13.0,56.0,781.0,13.9,9.0,0.0,0.0,,0.0,56,781,13.9,9,15.0,54.0,799.0,14.8,9.0,0.0,0.0,,0.0,54,799,14.8,9,11.0,3.0,22.0,7.3,0.0,,,,,3,22,7.3,0
0,,233.0,3482.0,14.9,26.0,17.0,109.0,6.4,1.0,250,3591,14.4,27,Sterling Shepard,2015,Oklahoma,Big 12,SR,WR,13.0,86.0,1288.0,15.0,11.0,1.0,5.0,5.0,0.0,87,1293,14.9,11,11.0,51.0,970.0,19.0,5.0,8.0,41.0,5.1,0.0,59,1011,17.1,5,12.0,51.0,603.0,11.8,7.0,6.0,44.0,7.3,1.0,57,647,11.4,8
0,,277.0,3486.0,12.6,16.0,4.0,11.0,2.8,0.0,281,3497,12.4,16,Tajae Sharpe,2015,Massachusetts,MAC,SR,WR,12.0,111.0,1319.0,11.9,5.0,1.0,-3.0,-3.0,0.0,112,1316,11.8,5,12.0,85.0,1281.0,15.1,7.0,3.0,14.0,4.7,0.0,88,1295,14.7,7,12.0,61.0,680.0,11.1,4.0,0.0,0.0,,0.0,61,680,11.1,4
0,,105.0,1353.0,12.9,9.0,3.0,6.0,2.0,0.0,108,1359,12.6,9,Demarcus Robinson,2015,Florida,SEC,JR,WR,12.0,47.0,520.0,11.1,2.0,2.0,3.0,1.5,0.0,49,523,10.7,2,11.0,53.0,810.0,15.3,7.0,1.0,3.0,3.0,0.0,54,813,15.1,7,4.0,5.0,23.0,4.6,0.0,0.0,0.0,,0.0,5,23,4.6,0
0,,99.0,1172.0,11.8,10.0,2.0,-9.0,-4.5,0.0,101,1163,11.5,10,Charone Peake,2015,Clemson,ACC,SR,WR,14.0,50.0,716.0,14.3,5.0,0.0,0.0,,0.0,50,716,14.3,5,6.0,12.0,129.0,10.8,2.0,0.0,0.0,,0.0,12,129,10.8,2,2.0,8.0,84.0,10.5,1.0,0.0,0.0,,0.0,8,84,10.5,1
0,,201.0,2701.0,13.4,14.0,0.0,0.0,,0.0,201,2701,13.4,14,Jordan Payton,2015,UCLA,Pac-12,SR,WR,13.0,78.0,1105.0,14.2,5.0,0.0,0.0,,0.0,78,1105,14.2,5,13.0,67.0,954.0,14.2,7.0,0.0,0.0,,0.0,67,954,14.2,7,12.0,38.0,440.0,11.6,1.0,0.0,0.0,,0.0,38,440,11.6,1
0,,119.0,2301.0,19.3,26.0,4.0,26.0,6.5,0.0,123,2327,18.9,26,Chris Moore,2015,Cincinnati,American,SR,WR,11.0,40.0,870.0,21.8,7.0,2.0,10.0,5.0,0.0,42,880,21.0,7,11.0,30.0,673.0,22.4,8.0,0.0,0.0,,0.0,30,673,22.4,8,13.0,45.0,645.0,14.3,9.0,2.0,16.0,8.0,0.0,47,661,14.1,9
0,,174.0,2350.0,13.5,16.0,9.0,55.0,6.1,0.0,183,2405,13.1,16,Malcolm Mitchell,2015,Georgia,SEC,SR,SE,13.0,58.0,865.0,14.9,5.0,0.0,0.0,,0.0,58,865,14.9,5,8.0,31.0,248.0,8.0,3.0,0.0,0.0,,0.0,31,248,8.0,3,13.0,40.0,572.0,14.3,4.0,5.0,17.0,3.4,0.0,45,589,13.1,4
0,,98.0,1338.0,13.7,8.0,68.0,578.0,8.5,2.0,166,1916,11.5,10,Ricardo Louis,2015,Auburn,SEC,SR,WR,13.0,46.0,716.0,15.6,3.0,29.0,158.0,5.4,1.0,75,874,11.7,4,12.0,21.0,261.0,12.4,3.0,18.0,220.0,12.2,1.0,39,481,12.3,4,14.0,28.0,325.0,11.6,2.0,19.0,198.0,10.4,0.0,47,523,11.1,2
0,,74.0,1432.0,19.4,9.0,3.0,30.0,10.0,0.0,77,1462,19.0,9,Kolby Listenbee,2015,Texas Christian,Big 12,SR,WR,10.0,30.0,597.0,19.9,5.0,1.0,11.0,11.0,0.0,31,608,19.6,5,13.0,41.0,753.0,18.4,4.0,2.0,19.0,9.5,0.0,43,772,18.0,4,2.0,2.0,23.0,11.5,0.0,0.0,0.0,,0.0,2,23,11.5,0
0,,143.0,1706.0,11.9,27.0,2.0,15.0,7.5,0.0,145,1721,11.9,27,Kenny Lawler,2015,California,Pac-12,JR,WR,12.0,52.0,658.0,12.7,13.0,2.0,15.0,7.5,0.0,54,673,12.5,13,11.0,54.0,701.0,13.0,9.0,0.0,0.0,,0.0,54,701,13.0,9,11.0,37.0,347.0,9.4,5.0,0.0,0.0,,0.0,37,347,9.4,5
0,,238.0,3648.0,15.3,31.0,2.0,21.0,10.5,0.0,240,3669,15.3,31,Rashard Higgins,2015,Colorado State,MWC,JR,WR,12.0,74.0,1061.0,14.3,8.0,2.0,21.0,10.5,0.0,76,1082,14.2,8,12.0,96.0,1750.0,18.2,17.0,0.0,0.0,,0.0,96,1750,18.2,17,14.0,68.0,837.0,12.3,6.0,0.0,0.0,,0.0,68,837,12.3,6
0,,144.0,2512.0,17.4,30.0,2.0,8.0,4.0,0.0,146,2520,17.3,30,Will Fuller,2015,Notre Dame,Ind,JR,WR,13.0,62.0,1258.0,20.3,14.0,0.0,0.0,,0.0,62,1258,20.3,14,13.0,76.0,1094.0,14.4,15.0,0.0,0.0,,0.0,76,1094,14.4,15,6.0,6.0,160.0,26.7,1.0,2.0,8.0,4.0,0.0,8,168,21.0,1
0,,83.0,1297.0,15.6,10.0,5.0,87.0,17.4,0.0,88,1384,15.7,10,Cody Core,2015,Ole Miss,SEC,SR,WR,12.0,37.0,644.0,17.4,4.0,1.0,1.0,1.0,0.0,38,645,17.0,4,13.0,41.0,558.0,13.6,6.0,4.0,86.0,21.5,0.0,45,644,14.3,6,6.0,4.0,91.0,22.8,0.0,0.0,0.0,,0.0,4,91,22.8,0
0,,138.0,2163.0,15.7,18.0,71.0,513.0,7.2,4.0,209,2676,12.8,22,Pharoh Cooper,2015,South Carolina,SEC,JR,WR,12.0,66.0,973.0,14.7,8.0,24.0,111.0,4.6,1.0,90,1084,12.0,9,13.0,69.0,1136.0,16.5,9.0,27.0,200.0,7.4,2.0,96,1336,13.9,11,9.0,3.0,54.0,18.0,1.0,20.0,202.0,10.1,1.0,23,256,11.1,2
0,,173.0,3009.0,17.4,33.0,33.0,164.0,5.0,1.0,206,3173,15.4,34,Corey Coleman,2015,Baylor,Big 12,JR,WR,12.0,74.0,1363.0,18.4,20.0,22.0,111.0,5.0,0.0,96,1474,15.4,20,10.0,64.0,1119.0,17.5,11.0,11.0,53.0,4.8,1.0,75,1172,15.6,12,12.0,35.0,527.0,15.1,2.0,0.0,0.0,,0.0,35,527,15.1,2
0,,122.0,2373.0,19.5,29.0,0.0,0.0,,0.0,122,2373,19.5,29,Leonte Carroo,2015,Rutgers,Big Ten,SR,WR,8.0,39.0,809.0,20.7,10.0,0.0,0.0,,0.0,39,809,20.7,10,13.0,55.0,1086.0,19.7,10.0,0.0,0.0,,0.0,55,1086,19.7,10,9.0,28.0,478.0,17.1,9.0,0.0,0.0,,0.0,28,478,17.1,9
0,,165.0,2174.0,13.2,10.0,22.0,149.0,6.8,0.0,187,2323,12.4,10,Aaron Burbridge,2015,Michigan State,Big Ten,SR,WR,14.0,85.0,1258.0,14.8,7.0,9.0,44.0,4.9,0.0,94,1302,13.9,7,13.0,29.0,358.0,12.3,1.0,8.0,39.0,4.9,0.0,37,397,10.7,1,9.0,22.0,194.0,8.8,0.0,4.0,62.0,15.5,0.0,26,256,9.8,0
0,,254.0,3361.0,13.2,21.0,63.0,520.0,8.3,1.0,317,3881,12.2,22,Tyler Boyd,2015,Pitt,ACC,JR,WR,12.0,91.0,926.0,10.2,6.0,40.0,349.0,8.7,0.0,131,1275,9.7,6,13.0,78.0,1261.0,16.2,8.0,12.0,63.0,5.3,0.0,90,1324,14.7,8,13.0,85.0,1174.0,13.8,7.0,11.0,108.0,9.8,1.0,96,1282,13.4,8
0,,141.0,1686.0,12.0,9.0,28.0,152.0,5.4,1.0,169,1838,10.9,10,Demarcus Ayers,2015,Houston,American,JR,WR,14.0,97.0,1221.0,12.6,6.0,26.0,148.0,5.7,1.0,123,1369,11.1,7,13.0,33.0,335.0,10.2,2.0,2.0,4.0,2.0,0.0,35,339,9.7,2,13.0,11.0,130.0,11.8,1.0,0.0,0.0,,0.0,11,130,11.8,1
0,,126.0,2267.0,18.0,21.0,15.0,118.0,7.9,0.0,141,2385,16.9,21,Dede Westbrook,2016,Oklahoma,Big 12,SR,WR,13.0,80.0,1524.0,19.1,17.0,10.0,101.0,10.1,0.0,90,1625,18.1,17,13.0,46.0,743.0,16.2,4.0,5.0,17.0,3.4,0.0,51,760,14.9,4,0.0,0.0,0.0,0.0,0.0,0.0,0.0,0.0,0.0,0,0,0.0,0
0,,327.0,4179.0,12.8,32.0,0.0,0.0,,0.0,327,4179,12.8,32,Trent Taylor,2016,Louisiana Tech,CUSA,SR,WR,14.0,136.0,1803.0,13.3,12.0,0.0,0.0,,0.0,136,1803,13.3,12,13.0,99.0,1282.0,12.9,9.0,0.0,0.0,,0.0,99,1282,12.9,9,14.0,64.0,834.0,13.0,9.0,0.0,0.0,,0.0,64,834,13.0,9
0,,253.0,4234.0,16.7,41.0,14.0,49.0,3.5,0.0,267,4283,16.0,41,Taywan Taylor,2016,Western Kentucky,CUSA,SR,WR,14.0,98.0,1730.0,17.7,17.0,6.0,36.0,6.0,0.0,104,1766,17.0,17,14.0,86.0,1467.0,17.1,17.0,7.0,2.0,0.3,0.0,93,1469,15.8,17,12.0,45.0,767.0,17.0,7.0,1.0,11.0,11.0,0.0,46,778,16.9,7
0,,243.0,2903.0,11.9,19.0,25.0,82.0,3.3,0.0,268,2985,11.1,19,Ryan Switzer,2016,North Carolina,ACC,SR,WR,13.0,96.0,1112.0,11.6,6.0,3.0,14.0,4.7,0.0,99,1126,11.4,6,14.0,54.0,693.0,12.8,6.0,4.0,10.0,2.5,0.0,58,703,12.1,6,13.0,61.0,757.0,12.4,4.0,8.0,29.0,3.6,0.0,69,786,11.4,4
0,,129.0,1713.0,13.3,12.0,13.0,82.0,6.3,0.0,142,1795,12.6,12,ArDarius Stewart,2016,Alabama,SEC,JR,WR,12.0,54.0,864.0,16.0,8.0,8.0,68.0,8.5,0.0,62,932,15.0,8,15.0,63.0,700.0,11.1,4.0,5.0,14.0,2.8,0.0,68,714,10.5,4,6.0,12.0,149.0,12.4,0.0,0.0,0.0,,0.0,12,149,12.4,0
0,,213.0,3092.0,14.5,25.0,8.0,34.0,4.3,0.0,221,3126,14.1,25,JuJu Smith-Schuster,2016,USC,Pac-12,JR,WR,13.0,70.0,914.0,13.1,10.0,5.0,27.0,5.4,0.0,75,941,12.5,10,14.0,89.0,1454.0,16.3,10.0,1.0,4.0,4.0,0.0,90,1458,16.2,10,13.0,54.0,724.0,13.4,5.0,2.0,3.0,1.5,0.0,56,727,13.0,5
0,,114.0,1729.0,15.2,22.0,20.0,195.0,9.8,2.0,134,1924,14.4,24,John Ross,2016,Washington,Pac-12,JR,WR,14.0,81.0,1150.0,14.2,17.0,8.0,102.0,12.8,1.0,89,1252,14.1,18,,,,,,,,,,0,0,,0,13.0,17.0,371.0,21.8,4.0,6.0,54.0,9.0,1.0,23,425,18.5,5
0,,164.0,2788.0,17.0,30.0,0.0,0.0,,0.0,164,2788,17.0,30,Josh Reynolds,2016,Texas A&M,SEC,SR,WR,13.0,61.0,1039.0,17.0,12.0,0.0,0.0,,0.0,61,1039,17.0,12,12.0,51.0,907.0,17.8,5.0,0.0,0.0,,0.0,51,907,17.8,5,13.0,52.0,842.0,16.2,13.0,0.0,0.0,,0.0,52,842,16.2,13
0,,60.0,823.0,13.7,7.0,37.0,329.0,8.9,4.0,97,1152,11.9,11,Isaiah McKenzie,2016,Georgia,SEC,JR,WR,13.0,44.0,633.0,14.4,7.0,19.0,134.0,7.1,2.0,63,767,12.2,9,8.0,10.0,123.0,12.3,0.0,11.0,117.0,10.6,2.0,21,240,11.4,2,12.0,6.0,67.0,11.2,0.0,7.0,78.0,11.1,0.0,13,145,11.2,0
0,,104.0,1608.0,15.5,14.0,2.0,11.0,5.5,0.0,106,1619,15.3,14,Josh Malone,2016,Tennessee,SEC,JR,WR,13.0,50.0,972.0,19.4,11.0,0.0,0.0,,0.0,50,972,19.4,11,10.0,31.0,405.0,13.1,2.0,0.0,0.0,,0.0,31,405,13.1,2,9.0,23.0,231.0,10.0,1.0,2.0,11.0,5.5,0.0,25,242,9.7,1
0,,81.0,1667.0,20.6,20.0,0.0,0.0,,0.0,81,1667,20.6,20,Mack Hollins,2016,North Carolina,ACC,SR,WR,7.0,16.0,309.0,19.3,4.0,0.0,0.0,,0.0,16,309,19.3,4,13.0,30.0,745.0,24.8,8.0,0.0,0.0,,0.0,30,745,24.8,8,13.0,35.0,613.0,17.5,8.0,0.0,0.0,,0.0,35,613,17.5,8
0,,147.0,2878.0,19.6,28.0,32.0,259.0,8.1,2.0,179,3137,17.5,30,Carlos Henderson,2016,Louisiana Tech,CUSA,JR,WR,13.0,82.0,1535.0,18.7,19.0,14.0,133.0,9.5,2.0,96,1668,17.4,21,11.0,36.0,774.0,21.5,5.0,5.0,54.0,10.8,0.0,41,828,20.2,5,12.0,29.0,569.0,19.6,4.0,13.0,72.0,5.5,0.0,42,641,15.3,4
0,,111.0,1498.0,13.5,12.0,0.0,0.0,,0.0,111,1498,13.5,12,Chad Hansen,2016,California,Pac-12,JR,WR,10.0,92.0,1249.0,13.6,11.0,0.0,0.0,,0.0,92,1249,13.6,11,7.0,19.0,249.0,13.1,1.0,0.0,0.0,,0.0,19,249,13.1,1,0.0,0.0,0.0,0.0,0.0,0.0,0.0,0.0,0.0,0,0,0.0,0
0,,160.0,2285.0,14.3,18.0,29.0,206.0,7.1,3.0,189,2491,13.2,21,Kenny Golladay,2016,Northern Illinois,MAC,SR,WR,12.0,87.0,1156.0,13.3,8.0,20.0,192.0,9.6,2.0,107,1348,12.6,10,14.0,73.0,1129.0,15.5,10.0,9.0,14.0,1.6,1.0,82,1143,13.9,11,0.0,0.0,0.0,0.0,0.0,0.0,0.0,0.0,0.0,0,0,0.0,0
0,,154.0,2421.0,15.7,18.0,3.0,14.0,4.7,0.0,157,2435,15.5,18,Chris Godwin,2016,Penn State,Big Ten,JR,WR,13.0,59.0,982.0,16.6,11.0,1.0,13.0,13.0,0.0,60,995,16.6,11,13.0,69.0,1101.0,16.0,5.0,0.0,0.0,,0.0,69,1101,16.0,5,13.0,26.0,338.0,13.0,2.0,2.0,1.0,0.5,0.0,28,339,12.1,2
0,,84.0,1898.0,22.6,17.0,2.0,29.0,14.5,0.0,86,1927,22.4,17,Shelton Gibson,2016,West Virginia,Big 12,JR,WR,13.0,43.0,951.0,22.1,8.0,2.0,29.0,14.5,0.0,45,980,21.8,8,12.0,37.0,887.0,24.0,9.0,0.0,0.0,,0.0,37,887,24.0,9,7.0,4.0,60.0,15.0,0.0,0.0,0.0,,0.0,4,60,15.0,0
0,,210.0,2967.0,14.1,24.0,17.0,84.0,4.9,0.0,227,3051,13.4,24,Isaiah Ford,2016,Virginia Tech,ACC,JR,WR,13.0,79.0,1094.0,13.8,7.0,6.0,33.0,5.5,0.0,85,1127,13.3,7,13.0,75.0,1164.0,15.5,11.0,7.0,51.0,7.3,0.0,82,1215,14.8,11,13.0,56.0,709.0,12.7,6.0,4.0,0.0,0.0,0.0,60,709,11.8,6
0,,98.0,1609.0,16.4,14.0,0.0,0.0,,0.0,98,1609,16.4,14,Malachi Dupre,2016,LSU,SEC,JR,WR,11.0,41.0,593.0,14.5,3.0,0.0,0.0,,0.0,41,593,14.5,3,12.0,43.0,698.0,16.2,6.0,0.0,0.0,,0.0,43,698,16.2,6,8.0,14.0,318.0,22.7,5.0,0.0,0.0,,0.0,14,318,22.7,5
0,,222.0,3391.0,15.3,17.0,1.0,3.0,3.0,0.0,223,3394,15.2,17,Robert Davis,2016,Georgia State,Sun Belt,SR,WR,12.0,67.0,968.0,14.4,5.0,0.0,0.0,,0.0,67,968,14.4,5,13.0,61.0,980.0,16.1,6.0,0.0,0.0,,0.0,61,980,16.1,6,12.0,50.0,732.0,14.6,2.0,1.0,3.0,3.0,0.0,51,735,14.4,2
0,,331.0,5278.0,15.9,52.0,3.0,13.0,4.3,0.0,334,5291,15.8,52,Corey Davis,2016,Western Michigan,MAC,SR,WR,14.0,97.0,1500.0,15.5,19.0,1.0,0.0,0.0,0.0,98,1500,15.3,19,13.0,89.0,1429.0,16.1,12.0,1.0,11.0,11.0,0.0,90,1440,16.0,12,12.0,78.0,1408.0,18.1,15.0,0.0,0.0,,0.0,78,1408,18.1,15
0,,151.0,2062.0,13.7,14.0,2.0,2.0,1.0,0.0,153,2064,13.5,14,Amara Darboh,2016,Michigan,Big Ten,SR,WR,13.0,57.0,862.0,15.1,7.0,0.0,0.0,,0.0,57,862,15.1,7,13.0,58.0,727.0,12.5,5.0,2.0,2.0,1.0,0.0,60,729,12.2,5,11.0,36.0,473.0,13.1,2.0,0.0,0.0,,0.0,36,473,13.1,2
0,,166.0,2218.0,13.4,20.0,8.0,125.0,15.6,1.0,174,2343,13.5,21,Stacy Coley,2016,Miami (FL),ACC,SR,WR,13.0,63.0,754.0,12.0,9.0,0.0,0.0,,0.0,63,754,12.0,9,11.0,47.0,689.0,14.7,4.0,1.0,15.0,15.0,0.0,48,704,14.7,4,12.0,23.0,184.0,8.0,0.0,5.0,30.0,6.0,0.0,28,214,7.6,0
0,,114.0,1639.0,14.4,12.0,22.0,219.0,10.0,3.0,136,1858,13.7,15,Jehu Chesson,2016,Michigan,Big Ten,SR,WR,13.0,35.0,500.0,14.3,2.0,12.0,63.0,5.3,1.0,47,563,12.0,3,13.0,50.0,764.0,15.3,9.0,8.0,155.0,19.4,2.0,58,919,15.8,11,8.0,14.0,154.0,11.0,0.0,0.0,0.0,,0.0,14,154,11.0,0
0,,33.0,411.0,12.5,7.0,1.0,-4.0,-4.0,0.0,34,407,12.0,7,Noah Brown,2016,Ohio State,Big Ten,SO,WR,12.0,32.0,402.0,12.6,7.0,0.0,0.0,,0.0,32,402,12.6,7,,,,,,,,,,0,0,,0,2.0,1.0,9.0,9.0,0.0,1.0,-4.0,-4.0,0.0,2,5,2.5,0
0,,62.0,910.0,14.7,8.0,0.0,0.0,,0.0,62,910,14.7,8,Javon Wims,2017,Georgia,SEC,SR,WR,14.0,45.0,720.0,16.0,7.0,0.0,0.0,,0.0,45,720,16.0,7,8.0,17.0,190.0,11.2,1.0,0.0,0.0,,0.0,17,190,11.2,1,0.0,0.0,0.0,0.0,0.0,0.0,0.0,0.0,0.0,0,0,0.0,0
0,,139.0,2640.0,19.0,18.0,12.0,20.0,1.7,0.0,151,2660,17.6,18,Cedrick Wilson,2017,Boise State,MWC,SR,WR,14.0,83.0,1511.0,18.2,7.0,9.0,13.0,1.4,0.0,92,1524,16.6,7,12.0,56.0,1129.0,20.2,11.0,3.0,7.0,2.3,0.0,59,1136,19.3,11,0.0,0.0,0.0,0.0,0.0,0.0,0.0,0.0,0.0,0,0,0.0,0
0,,226.0,4472.0,19.8,39.0,9.0,70.0,7.8,1.0,235,4542,19.3,40,James Washington,2017,Oklahoma State,Big 12,SR,WR,13.0,74.0,1549.0,20.9,13.0,3.0,12.0,4.0,1.0,77,1561,20.3,14,13.0,71.0,1380.0,19.4,10.0,4.0,28.0,7.0,0.0,75,1408,18.8,10,13.0,53.0,1087.0,20.5,10.0,1.0,10.0,10.0,0.0,54,1097,20.3,10
0,,65.0,957.0,14.7,16.0,0.0,0.0,,0.0,65,957,14.7,16,Auden Tate,2017,Florida State,ACC,JR,WR,12.0,40.0,548.0,13.7,10.0,0.0,0.0,,0.0,40,548,13.7,10,10.0,25.0,409.0,16.4,6.0,0.0,0.0,,0.0,25,409,16.4,6,,,,,,,,,,0,0,,0
0,,195.0,3220.0,16.5,31.0,1.0,2.0,2.0,1.0,196,3222,16.4,32,Courtland Sutton,2017,SMU,American,JR,WR,13.0,68.0,1085.0,16.0,12.0,1.0,2.0,2.0,1.0,69,1087,15.8,13,12.0,76.0,1246.0,16.4,10.0,0.0,0.0,,0.0,76,1246,16.4,10,12.0,49.0,862.0,17.6,9.0,0.0,0.0,,0.0,49,862,17.6,9
0,,92.0,1484.0,16.1,13.0,0.0,0.0,,0.0,92,1484,16.1,13,Equanimeous St. brown,2017,Notre Dame,Ind,JR,WR,12.0,33.0,515.0,15.6,4.0,0.0,0.0,,0.0,33,515,15.6,4,12.0,58.0,961.0,16.6,9.0,0.0,0.0,,0.0,58,961,16.6,9,2.0,1.0,8.0,8.0,0.0,0.0,0.0,,0.0,1,8,8.0,0
0,,99.0,1362.0,13.8,14.0,0.0,0.0,,0.0,99,1362,13.8,14,Jaleel Scott,2017,New Mexico State,Sun Belt,SR,WR,12.0,76.0,1079.0,14.2,9.0,0.0,0.0,,0.0,76,1079,14.2,9,11.0,23.0,283.0,12.3,5.0,0.0,0.0,,0.0,23,283,12.3,5,0.0,0.0,0.0,0.0,0.0,0.0,0.0,0.0,0.0,0,0,0.0,0
0,,224.0,2781.0,12.4,19.0,8.0,40.0,5.0,1.0,232,2821,12.2,20,Calvin Ridley,2017,Alabama,SEC,JR,WR,14.0,63.0,967.0,15.3,5.0,2.0,17.0,8.5,0.0,65,984,15.1,5,15.0,72.0,769.0,10.7,7.0,5.0,21.0,4.2,1.0,77,790,10.3,8,15.0,89.0,1045.0,11.7,7.0,1.0,2.0,2.0,0.0,90,1047,11.6,7
0,,163.0,2256.0,13.8,24.0,4.0,42.0,10.5,0.0,167,2298,13.8,24,Dante Pettis ,2017,Washington,Pac-12,SR,WR,13.0,63.0,761.0,12.1,7.0,3.0,50.0,16.7,0.0,66,811,12.3,7,13.0,53.0,822.0,15.5,15.0,0.0,0.0,,0.0,53,822,15.5,15,13.0,30.0,414.0,13.8,1.0,1.0,-8.0,-8.0,0.0,31,406,13.1,1
0,,146.0,2027.0,13.9,17.0,17.0,125.0,7.4,1.0,163,2152,13.2,18,D.J. Moore,2017,Maryland,Big Ten,JR,WR,12.0,80.0,1033.0,12.9,8.0,5.0,61.0,12.2,1.0,85,1094,12.9,9,13.0,41.0,637.0,15.5,6.0,11.0,55.0,5.0,0.0,52,692,13.3,6,11.0,25.0,357.0,14.3,3.0,1.0,9.0,9.0,0.0,26,366,14.1,3
0,,238.0,3590.0,15.1,37.0,31.0,148.0,4.8,3.0,269,3738,13.9,40,Anthony Miller,2017,Memphis,American,SR,WR,13.0,96.0,1462.0,15.2,18.0,10.0,25.0,2.5,0.0,106,1487,14.0,18,13.0,95.0,1434.0,15.1,14.0,12.0,69.0,5.8,1.0,107,1503,14.0,15,12.0,47.0,694.0,14.8,5.0,9.0,54.0,6.0,2.0,56,748,13.4,7
0,,127.0,1226.0,9.7,4.0,18.0,106.0,5.9,0.0,145,1332,9.2,4,Ray-ray McCloud,2017,Clemson,ACC,JR,WR,14.0,49.0,503.0,10.3,1.0,6.0,30.0,5.0,0.0,55,533,9.7,1,13.0,49.0,472.0,9.6,2.0,5.0,28.0,5.6,0.0,54,500,9.3,2,12.0,29.0,251.0,8.7,1.0,7.0,48.0,6.9,0.0,36,299,8.3,1
0,,113.0,1901.0,16.8,14.0,4.0,-6.0,-1.5,0.0,117,1895,16.2,14,Jordan Lasley,2017,UCLA,Pac-12,JR,WR,9.0,69.0,1264.0,18.3,9.0,4.0,-6.0,-1.5,0.0,73,1258,17.2,9,11.0,41.0,620.0,15.1,5.0,0.0,0.0,,0.0,41,620,15.1,5,3.0,3.0,17.0,5.7,0.0,0.0,0.0,,0.0,3,17,5.7,0
0,,234.0,2856.0,12.2,26.0,23.0,120.0,5.2,0.0,257,2976,11.6,26,Christian Kirk,2017,Texas A&M,SEC,JR,WR,13.0,71.0,919.0,12.9,10.0,4.0,31.0,7.8,0.0,75,950,12.7,10,13.0,83.0,928.0,11.2,9.0,8.0,35.0,4.4,0.0,91,963,10.6,9,13.0,80.0,1009.0,12.6,7.0,11.0,54.0,4.9,0.0,91,1063,11.7,7
0,,214.0,2842.0,13.3,18.0,10.0,22.0,2.2,0.0,224,2864,12.8,18,Daesean Hamilton,2017,Penn State,Big Ten,SR,WR,13.0,53.0,857.0,16.2,9.0,1.0,2.0,2.0,0.0,54,859,15.9,9,12.0,34.0,506.0,14.9,1.0,1.0,-12.0,-12.0,0.0,35,494,14.1,1,13.0,45.0,580.0,12.9,6.0,0.0,0.0,,0.0,45,580,12.9,6
0,,176.0,2690.0,15.3,21.0,4.0,15.0,3.8,0.0,180,2705,15.0,21,Michael Gallup,2017,Colorado State,MWC,SR,WR,13.0,100.0,1418.0,14.2,7.0,0.0,0.0,,0.0,100,1418,14.2,7,13.0,76.0,1272.0,16.7,14.0,4.0,15.0,3.8,0.0,80,1287,16.1,14,0.0,0.0,0.0,0.0,0.0,0.0,0.0,0.0,0.0,0,0,0.0,0
0,,159.0,2424.0,15.2,17.0,8.0,17.0,2.1,1.0,167,2441,14.6,18,Keke Coutee,2017,Texas Tech,Big 12,JR,WR,13.0,93.0,1429.0,15.4,10.0,5.0,15.0,3.0,0.0,98,1444,14.7,10,12.0,55.0,890.0,16.2,7.0,3.0,2.0,0.7,1.0,58,892,15.4,8,5.0,11.0,105.0,9.5,0.0,0.0,0.0,,0.0,11,105,9.5,0
0,,158.0,1873.0,11.9,18.0,1.0,3.0,3.0,1.0,159,1876,11.8,19,Dylan Cantrell,2017,Texas Tech,Big 12,SR,WR,13.0,71.0,816.0,11.5,7.0,1.0,3.0,3.0,1.0,72,819,11.4,8,10.0,58.0,675.0,11.6,8.0,0.0,0.0,,0.0,58,675,11.6,8,,,,,,,,,,0,0,,0
0,,89.0,1399.0,15.7,7.0,8.0,51.0,6.4,1.0,97,1450,14.9,8,Antonio Callaway,2016,Florida,SEC,SO,WR,12.0,54.0,721.0,13.4,3.0,5.0,32.0,6.4,1.0,59,753,12.8,4,14.0,35.0,678.0,19.4,4.0,3.0,19.0,6.3,0.0,38,697,18.3,4,0.0,0.0,0.0,0.0,0.0,0.0,0.0,0.0,0.0,0,0,0.0,0
0,,130.0,2040.0,15.7,20.0,1.0,-5.0,-5.0,0.0,131,2035,15.5,20,Deon Cain,2017,Clemson,ACC,JR,WR,14.0,58.0,734.0,12.7,6.0,0.0,0.0,,0.0,58,734,12.7,6,15.0,38.0,724.0,19.1,9.0,0.0,0.0,,0.0,38,724,19.1,9,11.0,34.0,582.0,17.1,5.0,1.0,-5.0,-5.0,0.0,35,577,16.5,5
0,,100.0,1175.0,11.8,14.0,4.0,72.0,18.0,0.0,104,1247,12.0,14,Braxton Berrios,2017,Miami (FL),ACC,SR,WR,13.0,55.0,679.0,12.3,9.0,0.0,0.0,,0.0,55,679,12.3,9,11.0,12.0,178.0,14.8,2.0,0.0,0.0,,0.0,12,178,14.8,2,11.0,12.0,86.0,7.2,0.0,4.0,72.0,18.0,0.0,16,158,9.9,0
0,,146.0,2466.0,16.9,13.0,1.0,1.0,1.0,0.0,147,2467,16.8,13,Marcell Ateman,2017,Oklahoma State,Big 12,SR,WR,13.0,59.0,1156.0,19.6,8.0,0.0,0.0,,0.0,59,1156,19.6,8,12.0,45.0,766.0,17.0,5.0,1.0,1.0,1.0,0.0,46,767,16.7,5,8.0,20.0,268.0,13.4,0.0,0.0,0.0,,0.0,20,268,13.4,0
0,,79.0,1605.0,20.3,11.0,0.0,0.0,,0.0,79,1605,20.3,11,Darius Slayton,2018,Auburn,SEC,JR,WR,11.0,35.0,670.0,19.1,5.0,0.0,0.0,,0.0,35,670,19.1,5,11.0,29.0,643.0,22.2,5.0,0.0,0.0,,0.0,29,643,22.2,5,7.0,15.0,292.0,19.5,1.0,0.0,0.0,,0.0,15,292,19.5,1
0,,148.0,2076.0,14.0,16.0,25.0,154.0,6.2,7.0,173,2230,12.9,23,Deebo Samuel,2018,South Carolina,SEC,SR,WR,12.0,62.0,882.0,14.2,11.0,8.0,26.0,3.3,0.0,70,908,13.0,11,3.0,15.0,250.0,16.7,3.0,2.0,30.0,15.0,1.0,17,280,16.5,4,10.0,59.0,783.0,13.3,1.0,15.0,98.0,6.5,6.0,74,881,11.9,7
0,,69.0,1015.0,14.7,13.0,4.0,46.0,11.5,0.0,73,1061,14.5,13,Riley Ridley,2018,Georgia,SEC,JR,WR,14.0,43.0,559.0,13.0,9.0,0.0,0.0,,0.0,43,559,13.0,9,8.0,14.0,218.0,15.6,2.0,1.0,5.0,5.0,0.0,15,223,14.9,2,6.0,12.0,238.0,19.8,2.0,3.0,41.0,13.7,0.0,15,279,18.6,2
0,,186.0,2133.0,11.5,15.0,0.0,0.0,,0.0,186,2133,11.5,15,Hunter Renfrow,2018,Clemson,ACC,SR,WR,15.0,49.0,544.0,11.1,1.0,0.0,0.0,,0.0,49,544,11.1,1,14.0,60.0,602.0,10.0,3.0,0.0,0.0,,0.0,60,602,10.0,3,11.0,44.0,495.0,11.3,6.0,0.0,0.0,,0.0,44,495,11.3,6
0,,119.0,1710.0,14.4,14.0,5.0,11.0,2.2,0.0,124,1721,13.9,14,Dillon Mitchell,2018,Oregon,Pac-12,JR,WR,13.0,75.0,1184.0,15.8,10.0,1.0,5.0,5.0,0.0,76,1189,15.6,10,11.0,42.0,517.0,12.3,4.0,4.0,6.0,1.5,0.0,46,523,11.4,4,5.0,2.0,9.0,4.5,0.0,0.0,0.0,,0.0,2,9,4.5,0
0,,67.0,1228.0,18.3,14.0,0.0,0.0,,0.0,67,1228,18.3,14,D.K. Metcalf,2018,Ole Miss,SEC,SO,WR,7.0,26.0,569.0,21.9,5.0,0.0,0.0,,0.0,26,569,21.9,5,12.0,39.0,646.0,16.6,7.0,0.0,0.0,,0.0,39,646,16.6,7,2.0,2.0,13.0,6.5,2.0,0.0,0.0,,0.0,2,13,6.5,2
0,,75.0,1251.0,16.7,19.0,0.0,0.0,,0.0,75,1251,16.7,19,Terry McLaurin,2018,Ohio State,Big Ten,SR,WR,12.0,35.0,701.0,20.0,11.0,0.0,0.0,,0.0,35,701,20.0,11,13.0,29.0,436.0,15.0,6.0,0.0,0.0,,0.0,29,436,15.0,6,13.0,11.0,114.0,10.4,2.0,0.0,0.0,,0.0,11,114,10.4,2
0,,125.0,2019.0,16.2,11.0,1.0,13.0,13.0,0.0,126,2032,16.1,11,Bisi Johnson,2018,Colorado State,MWC,SR,WR,11.0,54.0,796.0,14.7,4.0,0.0,0.0,,0.0,54,796,14.7,4,12.0,41.0,595.0,14.5,2.0,0.0,0.0,,0.0,41,595,14.5,2,11.0,28.0,613.0,21.9,4.0,1.0,13.0,13.0,0.0,29,626,21.6,4
0,,275.0,3463.0,12.6,24.0,8.0,27.0,3.4,0.0,283,3490,12.3,24,Keesean Johnson,2018,Fresno State,MWC,SR,WR,14.0,95.0,1340.0,14.1,8.0,4.0,14.0,3.5,0.0,99,1354,13.7,8,14.0,77.0,1013.0,13.2,8.0,1.0,0.0,0.0,0.0,78,1013,13.0,8,12.0,66.0,773.0,11.7,6.0,3.0,13.0,4.3,0.0,69,786,11.4,6
0,,135.0,2235.0,16.6,23.0,4.0,26.0,6.5,0.0,139,2261,16.3,23,Diontae Johnson,2018,Toledo,MAC,JR,WR,13.0,49.0,761.0,15.5,8.0,2.0,17.0,8.5,0.0,51,778,15.3,8,14.0,74.0,1278.0,17.3,13.0,2.0,9.0,4.5,0.0,76,1287,16.9,13,11.0,12.0,196.0,16.3,2.0,0.0,0.0,,0.0,12,196,16.3,2
0,,168.0,2294.0,13.7,17.0,0.0,0.0,,0.0,168,2294,13.7,17,Gary Jennings,2018,West Virginia,Big 12,SR,WR,11.0,54.0,917.0,17.0,13.0,0.0,0.0,,0.0,54,917,17.0,13,13.0,97.0,1096.0,11.3,1.0,0.0,0.0,,0.0,97,1096,11.3,1,11.0,10.0,165.0,16.5,2.0,0.0,0.0,,0.0,10,165,16.5,2
0,,231.0,3526.0,15.3,30.0,40.0,342.0,8.6,2.0,271,3868,14.3,32,Andy Isabella,2018,Massachusetts,Ind,SR,WR,12.0,102.0,1698.0,16.6,13.0,11.0,79.0,7.2,1.0,113,1777,15.7,14,12.0,65.0,1020.0,15.7,10.0,14.0,135.0,9.6,1.0,79,1155,14.6,11,12.0,62.0,801.0,12.9,7.0,12.0,100.0,8.3,0.0,74,901,12.2,7
0,,213.0,2889.0,13.6,22.0,23.0,144.0,6.3,3.0,236,3033,12.9,25,N'Keal Harry,2018,Arizona State,Pac-12,JR,WR,12.0,73.0,1088.0,14.9,9.0,7.0,10.0,1.4,1.0,80,1098,13.7,10,13.0,82.0,1142.0,13.9,8.0,13.0,65.0,5.0,0.0,95,1207,12.7,8,12.0,58.0,659.0,11.4,5.0,3.0,69.0,23.0,2.0,61,728,11.9,7
0,,177.0,2665.0,15.1,16.0,0.0,0.0,,0.0,177,2665,15.1,16,Kelvin Harmon,2018,North Carolina State,ACC,JR,WR,12.0,81.0,1186.0,14.6,7.0,0.0,0.0,,0.0,81,1186,14.6,7,13.0,69.0,1017.0,14.7,4.0,0.0,0.0,,0.0,69,1017,14.7,4,10.0,27.0,462.0,17.1,5.0,0.0,0.0,,0.0,27,462,17.1,5
0,,60.0,961.0,16.0,11.0,13.0,97.0,7.5,2.0,73,1058,14.5,13,Mecole Hardman,2018,Georgia,SEC,JR,WR,14.0,35.0,543.0,15.5,7.0,5.0,36.0,7.2,0.0,40,579,14.5,7,15.0,25.0,418.0,16.7,4.0,8.0,61.0,7.6,2.0,33,479,14.5,6,4.0,0.0,0.0,,0.0,0.0,0.0,,0.0,0,0,,0
0,,134.0,1800.0,13.4,11.0,11.0,51.0,4.6,1.0,145,1851,12.8,12,Terry Godwin,2018,Georgia,SEC,SR,WR,12.0,23.0,385.0,16.7,3.0,0.0,0.0,,0.0,23,385,16.7,3,13.0,38.0,639.0,16.8,6.0,0.0,0.0,,0.0,38,639,16.8,6,13.0,38.0,397.0,10.4,0.0,4.0,14.0,3.5,0.0,42,411,9.8,0
0,,128.0,2044.0,16.0,18.0,0.0,0.0,,0.0,128,2044,16.0,18,Travis Fulgham,2018,Old Dominion,CUSA,SR,WR,12.0,63.0,1083.0,17.2,9.0,0.0,0.0,,0.0,63,1083,17.2,9,11.0,30.0,394.0,13.1,1.0,0.0,0.0,,0.0,30,394,13.1,1,12.0,29.0,478.0,16.5,8.0,0.0,0.0,,0.0,29,478,16.5,8
0,,143.0,1768.0,12.4,15.0,23.0,210.0,9.1,2.0,166,1978,11.9,17,Parris Campbell,2018,Ohio State,Big Ten,SR,WR,14.0,90.0,1063.0,11.8,12.0,9.0,24.0,2.7,0.0,99,1087,11.0,12,13.0,40.0,584.0,14.6,3.0,10.0,132.0,13.2,1.0,50,716,14.3,4,12.0,13.0,121.0,9.3,0.0,4.0,54.0,13.5,1.0,17,175,10.3,1
0,,110.0,2149.0,19.5,18.0,0.0,0.0,,0.0,110,2149,19.5,18,Hakeem Butler,2018,Iowa State,Big 12,JR,WR,13.0,60.0,1318.0,22.0,9.0,0.0,0.0,,0.0,60,1318,22.0,9,13.0,41.0,697.0,17.0,7.0,0.0,0.0,,0.0,41,697,17.0,7,8.0,9.0,134.0,14.9,2.0,0.0,0.0,,0.0,9,134,14.9,2
0,,132.0,2413.0,18.3,17.0,3.0,0.0,0.0,0.0,135,2413,17.9,17,Marquise Brown,2018,Oklahoma,Big 12,JR,WR,12.0,75.0,1318.0,17.6,10.0,2.0,0.0,0.0,0.0,77,1318,17.1,10,13.0,57.0,1095.0,19.2,7.0,1.0,0.0,0.0,0.0,58,1095,18.9,7,0.0,0.0,0.0,0.0,0.0,0.0,0.0,0.0,0.0,0,0,0.0,0
0,,189.0,2984.0,15.8,19.0,0.0,0.0,,0.0,189,2984,15.8,19,A.J. Brown,2018,Ole Miss,SEC,JR,WR,12.0,85.0,1320.0,15.5,6.0,0.0,0.0,,0.0,85,1320,15.5,6,11.0,75.0,1252.0,16.7,11.0,0.0,0.0,,0.0,75,1252,16.7,11,11.0,29.0,412.0,14.2,2.0,0.0,0.0,,0.0,29,412,14.2,2
0,,77.0,1206.0,15.7,11.0,0.0,0.0,,0.0,77,1206,15.7,11,Miles Boykin,2018,Notre Dame,Ind,SR,WR,13.0,59.0,872.0,14.8,8.0,0.0,0.0,,0.0,59,872,14.8,8,7.0,12.0,253.0,21.1,2.0,0.0,0.0,,0.0,12,253,21.1,2,6.0,6.0,81.0,13.5,1.0,0.0,0.0,,0.0,6,81,13.5,1
0,,135.0,2219.0,16.4,28.0,0.0,0.0,,0.0,135,2219,16.4,28,J.J. Arcega-Whiteside,2018,Stanford,Pac-12,SR,WR,12.0,63.0,1059.0,16.8,14.0,0.0,0.0,,0.0,63,1059,16.8,14,11.0,48.0,781.0,16.3,9.0,0.0,0.0,,0.0,48,781,16.3,9,10.0,24.0,379.0,15.8,5.0,0.0,0.0,,0.0,24,379,15.8,5
0,,159.0,2404.0,15.1,17.0,5.0,12.0,2.4,0.0,164,2416,14.7,17,Quez Watkins,2019,Southern Mississippi,CUSA,JR,WR,12.0,64.0,1178.0,18.4,6.0,1.0,1.0,1.0,0.0,65,1179,18.1,6,11.0,72.0,889.0,12.3,9.0,4.0,11.0,2.8,0.0,76,900,11.8,9,11.0,23.0,337.0,14.7,2.0,0.0,0.0,,0.0,23,337,14.7,2
0,,68.0,996.0,14.6,15.0,4.0,27.0,6.8,0.0,72,1023,14.2,15,Freddie Swain,2019,Florida,SEC,SR,WR,12.0,38.0,517.0,13.6,7.0,4.0,27.0,6.8,0.0,42,544,13.0,7,11.0,14.0,265.0,18.9,5.0,0.0,0.0,,0.0,14,265,18.9,5,8.0,8.0,96.0,12.0,1.0,0.0,0.0,,0.0,8,96,12.0,1
0,,149.0,1943.0,13.0,10.0,42.0,280.0,6.7,7.0,191,2223,11.6,17,Laviska Shenault Jr.,2019,Colorado,Pac-12,JR,WR,11.0,56.0,764.0,13.6,4.0,23.0,161.0,7.0,2.0,79,925,11.7,6,9.0,86.0,1011.0,11.8,6.0,17.0,115.0,6.8,5.0,103,1126,10.9,11,7.0,7.0,168.0,24.0,0.0,2.0,4.0,2.0,0.0,9,172,19.1,0
0,,98.0,1716.0,17.5,24.0,2.0,75.0,37.5,1.0,100,1791,17.9,25,Henry Ruggs III,2019,Alabama,SEC,JR,WR,12.0,40.0,746.0,18.7,7.0,2.0,75.0,37.5,1.0,42,821,19.5,8,14.0,46.0,741.0,16.1,11.0,0.0,0.0,,0.0,46,741,16.1,11,14.0,12.0,229.0,19.1,6.0,0.0,0.0,,0.0,12,229,19.1,6
0,,129.0,1465.0,11.4,16.0,34.0,172.0,5.1,1.0,163,1637,10.0,17,Joe Reed,2019,Virginia,ACC,SR,WR,13.0,77.0,679.0,8.8,7.0,8.0,42.0,5.3,0.0,85,721,8.5,7,13.0,25.0,465.0,18.6,7.0,3.0,15.0,5.0,0.0,28,480,17.1,7,12.0,23.0,244.0,10.6,2.0,21.0,112.0,5.3,1.0,44,356,8.1,3
0,,148.0,2248.0,15.2,22.0,35.0,324.0,9.3,2.0,183,2572,14.1,24,Jalen Reagor,2019,Texas Christian,Big 12,JR,WR,12.0,43.0,611.0,14.2,5.0,14.0,89.0,6.4,0.0,57,700,12.3,5,13.0,72.0,1061.0,14.7,9.0,13.0,170.0,13.1,2.0,85,1231,14.5,11,14.0,33.0,576.0,17.5,8.0,8.0,65.0,8.1,0.0,41,641,15.6,8
0,,301.0,3949.0,13.1,39.0,10.0,50.0,5.0,0.0,311,3999,12.9,39,James Proche,2019,SMU,American,SR,WR,13.0,111.0,1225.0,11.0,15.0,4.0,18.0,4.5,0.0,115,1243,10.8,15,12.0,93.0,1199.0,12.9,12.0,2.0,17.0,8.5,0.0,95,1216,12.8,12,12.0,40.0,816.0,20.4,6.0,0.0,0.0,,0.0,40,816,20.4,6
0,,171.0,2519.0,14.7,19.0,1.0,9.0,9.0,0.0,172,2528,14.7,19,Michael Pittman,2019,USC,Pac-12,SR,WR,13.0,101.0,1275.0,12.6,11.0,0.0,0.0,,0.0,101,1275,12.6,11,10.0,41.0,758.0,18.5,6.0,1.0,9.0,9.0,0.0,42,767,18.3,6,9.0,23.0,404.0,17.6,2.0,0.0,0.0,,0.0,23,404,17.6,2
0,,103.0,1327.0,12.9,14.0,9.0,87.0,9.7,0.0,112,1414,12.6,14,Donovan Peoples-Jones,2019,Michigan,Big Ten,JR,WR,11.0,34.0,438.0,12.9,6.0,2.0,-7.0,-3.5,0.0,36,431,12.0,6,13.0,47.0,612.0,13.0,8.0,3.0,37.0,12.3,0.0,50,649,13.0,8,13.0,22.0,277.0,12.6,0.0,4.0,57.0,14.3,0.0,26,334,12.8,0
0,,156.0,1976.0,12.7,13.0,0.0,0.0,,0.0,156,1976,12.7,13,Dezmon Patmon,2019,Washington State,Pac-12,SR,WR,13.0,58.0,762.0,13.1,8.0,0.0,0.0,,0.0,58,762,13.1,8,13.0,61.0,816.0,13.4,5.0,0.0,0.0,,0.0,61,816,13.4,5,9.0,35.0,379.0,10.8,0.0,0.0,0.0,,0.0,35,379,10.8,0
0,,154.0,2572.0,16.7,19.0,5.0,28.0,5.6,0.0,159,2600,16.4,19,Darnell Mooney,2019,Tulane,American,SR,WR,13.0,48.0,713.0,14.9,5.0,0.0,0.0,,0.0,48,713,14.9,5,13.0,48.0,993.0,20.7,8.0,1.0,6.0,6.0,0.0,49,999,20.4,8,11.0,34.0,599.0,17.6,4.0,0.0,0.0,,0.0,34,599,17.6,4
0,,186.0,2925.0,15.7,28.0,1.0,-6.0,-6.0,0.0,187,2919,15.6,28,Denzel Mims,2019,Baylor,Big 12,SR,WR,13.0,66.0,1020.0,15.5,12.0,0.0,0.0,,0.0,66,1020,15.5,12,12.0,55.0,794.0,14.4,8.0,0.0,0.0,,0.0,55,794,14.4,8,12.0,61.0,1087.0,17.8,8.0,1.0,-6.0,-6.0,0.0,62,1081,17.4,8
0,,173.0,3292.0,19.0,32.0,9.0,20.0,2.2,1.0,182,3312,18.2,33,CeeDee Lamb,2019,Oklahoma,Big 12,JR,WR,13.0,62.0,1327.0,21.4,14.0,9.0,20.0,2.2,1.0,71,1347,19.0,15,14.0,65.0,1158.0,17.8,11.0,0.0,0.0,,0.0,65,1158,17.8,11,13.0,46.0,807.0,17.5,7.0,0.0,0.0,,0.0,46,807,17.5,7
0,,213.0,3305.0,15.5,33.0,1.0,-1.0,-1.0,0.0,214,3304,15.4,33,Tyler Johnson,2019,Minnesota,Big Ten,SR,WR,13.0,86.0,1318.0,15.3,13.0,1.0,-1.0,-1.0,0.0,87,1317,15.1,13,13.0,78.0,1169.0,15.0,12.0,0.0,0.0,,0.0,78,1169,15.0,12,10.0,35.0,677.0,19.3,7.0,0.0,0.0,,0.0,35,677,19.3,7
0,,188.0,2624.0,14.0,15.0,0.0,-7.0,,0.0,188,2617,13.9,15,Collin Johnson,2019,Texas,Big 12,SR,WR,7.0,38.0,559.0,14.7,3.0,0.0,0.0,,0.0,38,559,14.7,3,13.0,68.0,985.0,14.5,7.0,0.0,0.0,,0.0,68,985,14.5,7,13.0,54.0,765.0,14.2,2.0,0.0,-7.0,,0.0,54,758,14.0,2
0,,159.0,2742.0,17.2,26.0,1.0,1.0,1.0,0.0,160,2743,17.1,26,Jerry Jeudy,2019,Alabama,SEC,JR,WR,13.0,77.0,1163.0,15.1,10.0,1.0,1.0,1.0,0.0,78,1164,14.9,10,15.0,68.0,1315.0,19.3,14.0,0.0,0.0,,0.0,68,1315,19.3,14,8.0,14.0,264.0,18.9,2.0,0.0,0.0,,0.0,14,264,18.9,2
0,,146.0,2153.0,14.7,18.0,25.0,93.0,3.7,1.0,171,2246,13.1,19,Jauan Jennings,2019,Tennessee,SEC,SR,WR,13.0,59.0,969.0,16.4,8.0,13.0,51.0,3.9,1.0,72,1020,14.2,9,11.0,30.0,438.0,14.6,3.0,0.0,0.0,,0.0,30,438,14.6,3,1.0,3.0,17.0,5.7,0.0,0.0,0.0,,0.0,3,17,5.7,0
0,,165.0,2415.0,14.6,24.0,6.0,30.0,5.0,0.0,171,2445,14.3,24,Justin Jefferson,2019,LSU,SEC,JR,WR,15.0,111.0,1540.0,13.9,18.0,0.0,0.0,,0.0,111,1540,13.9,18,13.0,54.0,875.0,16.2,6.0,5.0,26.0,5.2,0.0,59,901,15.3,6,2.0,0.0,0.0,,0.0,1.0,4.0,4.0,0.0,1,4,4.0,0
0,,176.0,2322.0,13.2,20.0,0.0,0.0,,0.0,176,2322,13.2,20,Isaiah Hodgins,2019,Oregon State,Pac-12,JR,WR,12.0,86.0,1171.0,13.6,13.0,0.0,0.0,,0.0,86,1171,13.6,13,11.0,59.0,876.0,14.8,5.0,0.0,0.0,,0.0,59,876,14.8,5,11.0,31.0,275.0,8.9,2.0,0.0,0.0,,0.0,31,275,8.9,2
0,,201.0,2332.0,11.6,20.0,4.0,-1.0,-0.3,0.0,205,2331,11.4,20,K.J. Hill,2019,Ohio State,Big Ten,SR,WR,14.0,57.0,636.0,11.2,10.0,1.0,1.0,1.0,0.0,58,637,11.0,10,14.0,70.0,885.0,12.6,6.0,1.0,-3.0,-3.0,0.0,71,882,12.4,6,14.0,56.0,549.0,9.8,3.0,2.0,1.0,0.5,0.0,58,550,9.5,3
0,,82.0,1447.0,17.6,14.0,24.0,317.0,13.2,2.0,106,1764,16.6,16,John Hightower,2019,Boise State,MWC,SR,WR,14.0,51.0,943.0,18.5,8.0,16.0,154.0,9.6,0.0,67,1097,16.4,8,9.0,31.0,504.0,16.3,6.0,8.0,163.0,20.4,2.0,39,667,17.1,8,0.0,0.0,0.0,0.0,0.0,0.0,0.0,0.0,0.0,0,0,0.0,0
0,,135.0,2448.0,18.1,27.0,1.0,36.0,36.0,1.0,136,2484,18.3,28,Tee Higgins,2019,Clemson,ACC,JR,WR,15.0,59.0,1167.0,19.8,13.0,1.0,36.0,36.0,1.0,60,1203,20.1,14,15.0,59.0,936.0,15.9,12.0,0.0,0.0,,0.0,59,936,15.9,12,7.0,17.0,345.0,20.3,2.0,0.0,0.0,,0.0,17,345,20.3,2
0,,98.0,1658.0,16.9,13.0,17.0,87.0,5.1,1.0,115,1745,15.2,14,KJ Hamler,2019,Penn State,Big Ten,SO,WR,13.0,56.0,904.0,16.1,8.0,13.0,43.0,3.3,0.0,69,947,13.7,8,13.0,42.0,754.0,18.0,5.0,4.0,44.0,11.0,1.0,46,798,17.3,6,0.0,0.0,0.0,0.0,0.0,0.0,0.0,0.0,0.0,0,0,0.0,0
0,,44.0,834.0,19.0,10.0,33.0,369.0,11.2,4.0,77,1203,15.6,14,Antonio Gibson,2019,Memphis,American,SR,WR,14.0,38.0,735.0,19.3,8.0,33.0,369.0,11.2,4.0,71,1104,15.5,12,5.0,6.0,99.0,16.5,2.0,0.0,0.0,,0.0,6,99,16.5,2,0.0,0.0,0.0,0.0,0.0,0.0,0.0,0.0,0.0,0,0,0.0,0
0,,150.0,2433.0,16.2,20.0,0.0,0.0,,0.0,150,2433,16.2,20,Antonio Gandy-Golden,2019,Liberty,Ind,SR,WR,13.0,79.0,1396.0,17.7,10.0,0.0,0.0,,0.0,79,1396,17.7,10,11.0,71.0,1037.0,14.6,10.0,0.0,0.0,,0.0,71,1037,14.6,10,0.0,0.0,0.0,0.0,0.0,0.0,0.0,0.0,0.0,0,0,0.0,0
0,,234.0,3045.0,13.0,22.0,6.0,41.0,6.8,0.0,240,3086,12.9,22,Bryan Edwards,2019,South Carolina,SEC,SR,WR,10.0,71.0,816.0,11.5,6.0,2.0,22.0,11.0,0.0,73,838,11.5,6,13.0,55.0,846.0,15.4,7.0,0.0,0.0,,0.0,55,846,15.4,7,13.0,64.0,793.0,12.4,5.0,4.0,19.0,4.8,0.0,68,812,11.9,5
0,,176.0,2468.0,14.0,16.0,11.0,34.0,3.1,1.0,187,2502,13.4,17,Devin Duvernay,2019,Texas,Big 12,SR,WR,13.0,106.0,1386.0,13.1,9.0,10.0,24.0,2.4,1.0,116,1410,12.2,10,14.0,41.0,546.0,13.3,4.0,1.0,10.0,10.0,0.0,42,556,13.2,4,8.0,9.0,124.0,13.8,0.0,0.0,0.0,,0.0,9,124,13.8,0
0,,152.0,2447.0,16.1,23.0,0.0,0.0,,0.0,152,2447,16.1,23,Gabriel Davis,2019,UCF,American,JR,WR,12.0,72.0,1241.0,17.2,12.0,0.0,0.0,,0.0,72,1241,17.2,12,12.0,53.0,815.0,15.4,7.0,0.0,0.0,,0.0,53,815,15.4,7,10.0,27.0,391.0,14.5,4.0,0.0,0.0,,0.0,27,391,14.5,4
0,,79.0,1271.0,16.1,8.0,2.0,6.0,3.0,0.0,81,1277,15.8,8,Tyrie Cleveland,2019,Florida,SEC,SR,WR,12.0,25.0,351.0,14.0,1.0,0.0,0.0,,0.0,25,351,14.0,1,11.0,18.0,212.0,11.8,3.0,0.0,0.0,,0.0,18,212,11.8,3,9.0,22.0,410.0,18.6,2.0,2.0,6.0,3.0,0.0,24,416,17.3,2
0,,150.0,2159.0,14.4,19.0,3.0,6.0,2.0,0.0,153,2165,14.2,19,Chase Claypool,2019,Notre Dame,Ind,SR,WR,13.0,66.0,1037.0,15.7,13.0,0.0,0.0,,0.0,66,1037,15.7,13,13.0,50.0,639.0,12.8,4.0,0.0,0.0,,0.0,50,639,12.8,4,11.0,29.0,402.0,13.9,2.0,2.0,-3.0,-1.5,0.0,31,399,12.9,2
0,,93.0,1496.0,16.1,13.0,9.0,46.0,5.1,0.0,102,1542,15.1,13,Quintez Cephus,2019,Wisconsin,Big Ten,,WR,14.0,59.0,901.0,15.3,7.0,0.0,0.0,,0.0,59,901,15.3,7,10.0,30.0,501.0,16.7,6.0,4.0,5.0,1.3,0.0,34,506,14.9,6,6.0,4.0,94.0,23.5,0.0,5.0,41.0,8.2,0.0,9,135,15.0,0
0,,98.0,1666.0,17.0,11.0,1.0,6.0,6.0,0.0,99,1672,16.9,11,Brandon Aiyuk,2019,Arizona State,Pac-12,SR,WR,12.0,65.0,1192.0,18.3,8.0,1.0,6.0,6.0,0.0,66,1198,18.2,8,13.0,33.0,474.0,14.4,3.0,0.0,0.0,,0.0,33,474,14.4,3,0.0,0.0,0.0,0.0,0.0,0.0,0.0,0.0,0.0,0,0,0.0,0
0,,177.0,2727.0,15.4,21.0,0.0,0.0,,0.0,177,2727,15.4,21,Mike Williams,2016,Clemson,ACC,JR,WR,15.0,98.0,1361.0,13.9,11.0,0.0,0.0,,0.0,98,1361,13.9,11,1.0,2.0,20.0,10.0,1.0,0.0,0.0,,0.0,2,20,10.0,1,12.0,57.0,1030.0,18.1,6.0,0.0,0.0,,0.0,57,1030,18.1,6
0,,133.0,2044.0,15.4,20.0,1.0,-7.0,-7.0,0.0,134,2037,15.2,20,Mike Williams,2009,Syracuse,Big East,SR,WR,7.0,49.0,746.0,15.2,6.0,1.0,-7.0,-7.0,0.0,50,739,14.8,6,12.0,60.0,837.0,14.0,10.0,,,,,60,837,14.0,10,10.0,24.0,461.0,19.2,4.0,,,,,24,461,19.2,4
0,,133.0,1929.0,14.5,13.0,194.0,1852.0,9.5,19.0,327,3781,11.6,32,Percy Harvin,2008,Florida,SEC,JR,RB,12.0,40.0,644.0,16.1,7.0,70.0,660.0,9.4,10.0,110,1304,11.9,17,11.0,59.0,858.0,14.5,4.0,83.0,764.0,9.2,6.0,142,1622,11.4,10,13.0,34.0,427.0,12.6,2.0,41.0,428.0,10.4,3.0,75,855,11.4,5
0,,130.0,1703.0,13.1,7.0,304.0,1955.0,6.4,15.0,434,3658,8.4,22,Dexter McCluster,2009,Ole Miss,SEC,SR,RB,13.0,44.0,520.0,11.8,3.0,181.0,1169.0,6.5,8.0,225,1689,7.5,11,13.0,44.0,625.0,14.2,1.0,109.0,655.0,6.0,6.0,153,1280,8.4,7,8.0,27.0,326.0,12.1,2.0,6.0,63.0,10.5,0.0,33,389,11.8,2
0,,7.0,72.0,10.3,0.0,115.0,776.0,6.7,4.0,122,848,7.0,4,Trindon Holliday,2009,LSU,SEC,SR,RB,13.0,3.0,36.0,12.0,0.0,27.0,126.0,4.7,1.0,30,162,5.4,1,13.0,2.0,33.0,16.5,0.0,21.0,114.0,5.4,0.0,23,147,6.4,0,13.0,2.0,3.0,1.5,0.0,53.0,364.0,6.9,2.0,55,367,6.7,2
0,,86.0,969.0,11.3,6.0,166.0,805.0,4.8,6.0,252,1774,7.0,12,Greg Little,2009,North Carolina,ACC,JR,WR,13.0,62.0,724.0,11.7,5.0,29.0,166.0,5.7,1.0,91,890,9.8,6,13.0,11.0,146.0,13.3,0.0,78.0,339.0,4.3,3.0,89,485,5.4,3,11.0,13.0,99.0,7.6,1.0,59.0,300.0,5.1,2.0,72,399,5.5,3
0,,144.0,1661.0,11.5,13.0,228.0,1313.0,5.8,22.0,372,2974,8.0,35,Randall Cobb,2010,Kentucky,SEC,JR,WR,13.0,84.0,1017.0,12.1,7.0,55.0,424.0,7.7,5.0,139,1441,10.4,12,12.0,39.0,447.0,11.5,4.0,94.0,573.0,6.1,10.0,133,1020,7.7,14,11.0,21.0,197.0,9.4,2.0,79.0,316.0,4.0,7.0,100,513,5.1,9
0,,3.0,31.0,10.3,0.0,723.0,4495.0,6.2,42.0,726,4526,6.2,42,Denard Robinson,2012,Michigan,Big Ten,SR,QB,11.0,3.0,31.0,10.3,0.0,177.0,1266.0,7.2,7.0,180,1297,7.2,7,13.0,,,,,221.0,1176.0,5.3,16.0,221,1176,5.3,16,13.0,,,,,256.0,1702.0,6.6,14.0,256,1702,6.6,14
0,,99.0,1194.0,12.1,12.0,325.0,2342.0,7.2,24.0,424,3536,8.3,36,Dri Archer,2013,Kent State,MAC,SR,RB,10.0,25.0,327.0,13.1,4.0,68.0,527.0,7.8,6.0,93,854,9.2,10,14.0,39.0,561.0,14.4,4.0,159.0,1429.0,9.0,16.0,198,1990,10.1,20,12.0,16.0,75.0,4.7,1.0,40.0,140.0,3.5,1.0,56,215,3.8,2
0,,25.0,340.0,13.6,3.0,600.0,3315.0,5.5,33.0,625,3655,5.8,36,Braxton Miller,2015,Ohio State,Big Ten,SR,WR,13.0,25.0,340.0,13.6,3.0,43.0,261.0,6.1,1.0,68,601,8.8,4,1.0,0.0,0.0,,0.0,0.0,0.0,,0.0,0,0,,0,12.0,0.0,0.0,,0.0,171.0,1068.0,6.2,12.0,171,1068,6.2,12
0,,107.0,1249.0,11.7,9.0,172.0,1286.0,7.5,15.0,279,2535,9.1,24,Curtis Samuel,2016,Ohio State,Big Ten,JR,RB,13.0,74.0,865.0,11.7,7.0,97.0,771.0,7.9,8.0,171,1636,9.6,15,13.0,22.0,289.0,13.1,2.0,17.0,132.0,7.8,1.0,39,421,10.8,3,14.0,11.0,95.0,8.6,0.0,58.0,383.0,6.6,6.0,69,478,6.9,6
0,,22.0,470.0,21.4,3.0,614.0,4359.0,7.1,40.0,636,4829,7.6,43,Malcolm Perry,2019,Navy,American,SR,QB,13.0,0.0,0.0,,0.0,295.0,2017.0,6.8,21.0,295,2017,6.8,21,13.0,9.0,167.0,18.6,1.0,172.0,1087.0,6.3,7.0,181,1254,6.9,8,12.0,13.0,303.0,23.3,2.0,138.0,1182.0,8.6,11.0,151,1485,9.8,13
0,,114.0,1303.0,11.4,6.0,206.0,1530.0,7.4,13.0,320,2833,8.9,19,Lynn Bowden,2019,Kentucky,SEC,JR,WR,13.0,30.0,348.0,11.6,1.0,185.0,1468.0,7.9,13.0,215,1816,8.4,14,13.0,67.0,745.0,11.1,5.0,9.0,25.0,2.8,0.0,76,770,10.1,5,12.0,17.0,210.0,12.4,0.0,12.0,37.0,3.1,0.0,29,247,8.5,0
0,,147.0,2114.0,14.4,17.0,7.0,64.0,9.1,0.0,154,2178,14.1,17,Damian Williams,2009,USC,Pac-10,,WR,12.0,70.0,1010.0,14.4,6.0,2.0,16.0,8.0,0.0,72,1026,14.3,6,13.0,58.0,869.0,15.0,9.0,4.0,43.0,10.8,0.0,62,912,14.7,9,13.0,19.0,235.0,12.4,2.0,1.0,5.0,5.0,0.0,20,240,12.0,2
0,,203.0,3085.0,15.2,26.0,32.0,301.0,9.4,2.0,235,3386,14.4,28,Jalen Saunders,2013,Oklahoma,Big 12,SR,WR,13.0,61.0,729.0,12.0,8.0,5.0,44.0,8.8,0.0,66,773,11.7,8,9.0,62.0,829.0,13.4,3.0,0.0,0.0,,0.0,62,829,13.4,3,13.0,50.0,1065.0,21.3,12.0,8.0,91.0,11.4,2.0,58,1156,19.9,14
0,,133.0,1956.0,14.7,14.0,2.0,6.0,3.0,0.0,135,1962,14.5,14,Shaquelle Evans,2013,UCLA,Pac-12,SR,WR,13.0,47.0,709.0,15.1,9.0,0.0,0.0,,0.0,47,709,15.1,9,14.0,60.0,877.0,14.6,3.0,2.0,6.0,3.0,0.0,62,883,14.2,3,13.0,19.0,309.0,16.3,2.0,0.0,0.0,,0.0,19,309,16.3,2
0,,214.0,3177.0,14.8,34.0,2.0,7.0,3.5,0.0,216,3184,14.7,34,Josh Doctson,2015,Texas Christian,Big 12,SR,WR,10.0,78.0,1326.0,17.0,14.0,2.0,7.0,3.5,0.0,80,1333,16.7,14,13.0,65.0,1018.0,15.7,11.0,0.0,0.0,,0.0,65,1018,15.7,11,10.0,36.0,440.0,12.2,4.0,0.0,0.0,,0.0,36,440,12.2,4
0,,109.0,1672.0,15.3,12.0,4.0,3.0,0.8,0.0,113,1675,14.8,12,Trevor Davis,2015,California,Pac-12,SR,WR,13.0,40.0,672.0,16.8,2.0,3.0,4.0,1.3,0.0,43,676,15.7,2,9.0,24.0,399.0,16.6,5.0,0.0,0.0,,0.0,24,399,16.6,5,8.0,17.0,235.0,13.8,2.0,1.0,-1.0,-1.0,0.0,18,234,13.0,2
0,,136.0,1976.0,14.5,16.0,40.0,375.0,9.4,7.0,176,2351,13.4,23,Rodney Adams,2016,South Florida,American,SR,WR,13.0,67.0,822.0,12.3,5.0,23.0,231.0,10.0,5.0,90,1053,11.7,10,13.0,44.0,816.0,18.5,9.0,11.0,87.0,7.9,1.0,55,903,16.4,10,9.0,23.0,323.0,14.0,2.0,5.0,52.0,10.4,1.0,28,375,13.4,3
0,,119.0,1832.0,15.4,12.0,10.0,112.0,11.2,1.0,129,1944,15.1,13,Marquez Valdes-Scantling,2017,South Florida,American,SR,WR,12.0,53.0,879.0,16.6,6.0,8.0,108.0,13.5,1.0,61,987,16.2,7,11.0,22.0,415.0,18.9,5.0,2.0,4.0,2.0,0.0,24,419,17.5,5,,,,,,,,,,0,0,,0
0,,136.0,1512.0,11.1,13.0,3.0,11.0,3.7,0.0,139,1523,11.0,13,Trey Quinn,2017,SMU,American,JR,WR,13.0,114.0,1236.0,10.8,13.0,1.0,0.0,0.0,0.0,115,1236,10.7,13,5.0,5.0,83.0,16.6,0.0,0.0,0.0,,0.0,5,83,16.6,0,9.0,17.0,193.0,11.4,0.0,2.0,11.0,5.5,0.0,19,204,10.7,0
0,,146.0,2037.0,14.0,17.0,14.0,53.0,3.8,1.0,160,2090,13.1,18,K.J. Osborn,2019,Miami (FL),ACC,SR,WR,13.0,50.0,547.0,10.9,5.0,5.0,15.0,3.0,0.0,55,562,10.2,5,13.0,53.0,892.0,16.8,7.0,5.0,16.0,3.2,0.0,58,908,15.7,7,12.0,35.0,493.0,14.1,4.0,4.0,22.0,5.5,1.0,39,515,13.2,5
0,,175.0,2159.0,12.3,16.0,6.0,47.0,7.8,0.0,181,2206,12.2,16,Van Jefferson,2019,Florida,SEC,SR,WR,12.0,49.0,657.0,13.4,6.0,1.0,7.0,7.0,0.0,50,664,13.3,6,11.0,35.0,503.0,14.4,6.0,0.0,0.0,,0.0,35,503,14.4,6,10.0,42.0,456.0,10.9,1.0,0.0,0.0,,0.0,42,456,10.9,1
