ID,careerRec,careerRecYds,careerYPC,careerRecTds,careerRushAtt,careerRushYds,careerYPA,careerRushTds,careerPlays,careerTotalYds,careerYPT,careerTotalTds,Player_x,Conf,Class,dr_1games,dr_1Rec,dr_1RecYds,dr_1YPC,dr_1RecTds,dr_1RushAtt,dr_1RushYds,dr_1YPA,dr_1RushTds,dr_1Plays,dr_1TotalYds,dr_1YPT,dr_1TotalTds,dr_2games,dr_2Rec,dr_2RecYds,dr_2YPC,dr_2RecTds,dr_2RushAtt,dr_2RushYds,dr_2YPA,dr_2RushTds,dr_2Plays,dr_2TotalYds,dr_2YPT,dr_2TotalTds,dr_3games,dr_3Rec,dr_3RecYds,dr_3YPC,dr_3RecTds,dr_3RushAtt,dr_3RushYds,dr_3YPA,dr_3RushTds,dr_3Plays,dr_3TotalYds,dr_3YPT,dr_3TotalTds,FirstNm,LastNm,Age,Wt,Forty,Vertical,BenchReps,BroadJump,ThreeCone,Shuttle,pickNum,year,height,FPTS
197,3,31,10.3,0,723,4495,6.2,42,726,4526,6.2,42,Denard Robinson,Big Ten,SR,11,3,31,10.3,0,177,1266,7.2,7,180,1297,7.2,7,13,0,0,0,0,221,1176,5.3,16,221,1176,5.3,16,13,0,0,0,0,256,1702,6.6,14,256,1702,6.6,14,DENARD,ROBINSON,22,199,4.43,36.5,14.82580645,123,7.09,4.22,135,2013,70,0
305,22,470,21.4,3,614,4359,7.1,40,636,4829,7.6,43,Malcolm Perry,American,SR,13,0,0,0,0,295,2017,6.8,21,295,2017,6.8,21,13,9,167,18.6,1,172,1087,6.3,7,181,1254,6.9,8,12,13,303,23.3,2,138,1182,8.6,11,151,1485,9.8,13,MALCOLM,PERRY,22,186,4.63,36,10,122,7.12,4.31,246,2020,69,0
199,25,340,13.6,3,600,3315,5.5,33,625,3655,5.8,36,Braxton Miller,Big Ten,SR,13,25,340,13.6,3,43,261,6.1,1,68,601,8.8,4,1,0,0,0,0,0,0,0,0,0,0,0,0,12,0,0,0,0,171,1068,6.2,12,171,1068,6.2,12,BRAXTON,MILLER,23,201,4.5,35,17,123,6.65,4.07,85,2016,73,72.2
198,99,1194,12.1,12,325,2342,7.2,24,424,3536,8.3,36,Dri Archer,MAC,SR,10,25,327,13.1,4,68,527,7.8,6,93,854,9.2,10,14,39,561,14.4,4,159,1429,9,16,198,1990,10.1,20,12,16,75,4.7,1,40,140,3.5,1,56,215,3.8,2,DRI,ARCHER,22,173,4.26,38,20,122,6.86,4.06,97,2014,68,0
193,130,1703,13.1,7,304,1955,6.4,15,434,3658,8.4,22,Dexter McCluster,SEC,SR,13,44,520,11.8,3,181,1169,6.5,8,225,1689,7.5,11,13,44,625,14.2,1,109,655,6,6,153,1280,8.4,7,8,27,326,12.1,2,6,63,10.5,0,33,389,11.8,2,DEXTER,MCCLUSTER,20,172,4.53,37.5,20,118,6.886183206,4.06,36,2010,69,0
192,133,1929,14.5,13,194,1852,9.5,19,327,3781,11.6,32,Percy Harvin,SEC,JR,12,40,644,16.1,7,70,660,9.4,10,110,1304,11.9,17,11,59,858,14.5,4,83,764,9.2,6,142,1622,11.4,10,13,34,427,12.6,2,41,428,10.4,3,75,855,11.4,5,PERCY,HARVIN,20,192,4.39,35.96571429,19,121.2294118,6.886183206,4.220289855,22,2009,71,654.9
306,114,1303,11.4,6,206,1530,7.4,13,320,2833,8.9,19,Lynn Bowden,SEC,JR,13,30,348,11.6,1,185,1468,7.9,13,215,1816,8.4,14,13,67,745,11.1,5,9,25,2.8,0,76,770,10.1,5,12,17,210,12.4,0,12,37,3.1,0,29,247,8.5,0,LYNN,BOWDEN,22,204,4.49,37.10714286,13,125.1111111,7.116666667,4.35125,80,2020,71,0
196,144,1661,11.5,13,228,1313,5.8,22,372,2974,8,35,Randall Cobb,SEC,JR,13,84,1017,12.1,7,55,424,7.7,5,139,1441,10.4,12,12,39,447,11.5,4,94,573,6.1,10,133,1020,7.7,14,11,21,197,9.4,2,79,316,4,7,100,513,5.1,9,RANDALL,COBB,20,191,4.46,33.5,16,115,7.08,4.34,64,2011,70,402.7
115,288,3413,11.9,29,110,1033,9.4,6,398,4446,11.2,35,Tavon Austin,Big 12,SR,13,114,1289,11.3,12,72,643,8.9,3,186,1932,10.4,15,13,101,1186,11.7,8,16,182,11.4,1,117,1368,11.7,9,13,58,787,13.6,8,16,161,10.1,1,74,948,12.8,9,TAVON,AUSTIN,22,174,4.34,32,14,120,6.886183206,4.01,8,2013,68,407.2
59,262,3128,11.9,18,132,892,6.8,5,394,4020,10.2,23,Jerrel Jernigan,Sun Belt,SR,13,84,822,9.8,6,45,322,7.2,3,129,1144,8.9,9,13,71,1101,15.5,4,40,266,6.7,1,111,1367,12.3,5,12,77,868,11.3,5,33,254,7.7,1,110,1122,10.2,6,JERREL,JERNIGAN,21,185,4.46,37.5,11,124,7.07,4.25,83,2011,69,89.4
195,86,969,11.3,6,166,805,4.8,6,252,1774,7,12,Greg Little,ACC,JR,13,62,724,11.7,5,29,166,5.7,1,91,890,9.8,6,13,11,146,13.3,0,78,339,4.3,3,89,485,5.4,3,11,13,99,7.6,1,59,300,5.1,2,72,399,5.5,3,GREG,LITTLE,21,231,4.51,40.5,27,129,6.8,4.21,59,2011,74,388.1
194,7,72,10.3,0,115,776,6.7,4,122,848,7,4,Trindon Holliday,SEC,SR,13,3,36,12,0,27,126,4.7,1,30,162,5.4,1,13,2,33,16.5,0,21,114,5.4,0,23,147,6.4,0,13,2,3,1.5,0,53,364,6.9,2,55,367,6.7,2,TRINDON,HOLLIDAY,23,166,4.34,42,10,116,6.54,4.48,197,2010,65,1.7
52,209,2491,11.9,22,125,701,5.6,8,334,3192,9.6,30,Kealoha Pilares,WAC,SR,13,88,1306,14.8,15,0,0,0,0,88,1306,14.8,15,13,66,690,10.5,4,1,13,13,0,67,703,10.5,4,10,29,246,8.5,2,56,300,5.4,5,85,546,6.4,7,KEALOHA,PILARES,23,199,4.42,35.96571429,19,121.2294118,6.886183206,4.220289855,132,2011,70,13.9
14,182,2315,12.7,22,91,668,7.3,6,273,2983,10.9,28,Jeremy Maclin,Big 12,SO,14,102,1260,12.4,13,40,293,7.3,2,142,1553,10.9,15,14,80,1055,13.2,9,51,375,7.4,4,131,1430,10.9,13,0,0,0,0,0,0,0,0,0,0,0,0,0,JEREMY,MACLIN,20,198,4.43,35.96571429,14.82580645,121.2294118,6.886183206,4.220289855,19,2009,72,561.6
72,210,2263,10.8,12,125,653,5.2,9,335,2916,8.7,21,Mohamed Sanu,Big East,JR,13,115,1206,10.5,7,4,-2,-0.5,0,119,1204,10.1,7,12,44,418,9.5,2,59,309,5.2,4,103,727,7.1,6,13,51,639,12.5,3,62,346,5.6,5,113,985,8.7,8,MOHAMED,SANU,22,211,4.62,36,19,126,6.88,4.22,83,2012,73,348.18
99,227,2994,13.2,16,83,631,7.6,5,310,3625,11.7,21,Markus Wheaton,Pac-12,SR,13,91,1244,13.7,11,20,142,7.1,2,111,1386,12.5,13,12,73,986,13.5,1,25,190,7.6,0,98,1176,12,1,12,55,675,12.3,4,27,220,8.1,2,82,895,10.9,6,MARKUS,WHEATON,22,189,4.45,37,20,120,6.8,4.02,79,2013,71,294.6
0,161,1743,10.8,9,117,594,5.1,8,278,2337,8.4,17,Derrick Williams,Big Ten,SR,13,44,485,11,4,43,243,5.7,3,87,728,8.4,7,13,55,529,9.6,3,16,101,6.3,1,71,630,8.9,4,13,40,440,11,1,36,145,4,1,76,585,7.7,2,DERRICK,WILLIAMS,22,194,4.47,33,15,121.2294118,6.886183206,4.220289855,82,2009,71,15.6
179,98,1338,13.7,8,68,578,8.5,2,166,1916,11.5,10,Ricardo Louis,SEC,SR,13,46,716,15.6,3,29,158,5.4,1,75,874,11.7,4,12,21,261,12.4,3,18,220,12.2,1,39,481,12.3,4,14,28,325,11.6,2,19,198,10.4,0,47,523,11.1,2,RICARDO,LOUIS,21,215,4.43,38,18,132,6.886183206,4.220289855,114,2016,74,101.2
77,127,1714,13.5,10,64,540,8.4,3,191,2254,11.8,13,Keshawn Martin,Big Ten,SR,14,66,777,11.8,4,19,113,5.9,2,85,890,10.5,6,11,32,394,12.3,1,18,157,8.7,0,50,551,11,1,13,18,411,22.8,5,18,219,12.2,1,36,630,17.5,6,KESHAWN,MARTIN,21,188,4.42,39.5,13,122,6.85,4.13,121,2012,71,100.9
43,305,3199,10.5,22,72,531,7.4,4,377,3730,9.9,26,Antonio Brown,MAC,JR,14,110,1198,10.9,9,42,341,8.1,3,152,1539,10.1,12,13,93,998,10.7,7,20,116,5.8,0,113,1114,9.9,7,14,102,1003,9.8,6,10,74,7.4,1,112,1077,9.6,7,ANTONIO,BROWN,21,186,4.56,33.5,13,105,6.98,4.18,195,2010,70,399.7
60,268,3001,11.2,20,86,526,6.1,6,354,3527,10,26,Dwayne Harris,CUSA,SR,13,101,1123,11.1,10,16,104,6.5,0,117,1227,10.5,10,14,83,978,11.8,7,31,149,4.8,5,114,1127,9.9,12,10,58,654,11.3,1,19,76,4,0,77,730,9.5,1,DWAYNE,HARRIS,23,203,4.53,34,10,111,6.77,4.21,176,2011,70,74.8
189,254,3361,13.2,21,63,520,8.3,1,317,3881,12.2,22,Tyler Boyd,ACC,JR,12,91,926,10.2,6,40,349,8.7,0,131,1275,9.7,6,13,78,1261,16.2,8,12,63,5.3,0,90,1324,14.7,8,13,85,1174,13.8,7,11,108,9.8,1,96,1282,13.4,8,TYLER,BOYD,21,197,4.58,34,11,119,6.9,4.35,55,2016,73,401.7
185,138,2163,15.7,18,71,513,7.2,4,209,2676,12.8,22,Pharoh Cooper,SEC,JR,12,66,973,14.7,8,24,111,4.6,1,90,1084,12,9,13,69,1136,16.5,9,27,200,7.4,2,96,1336,13.9,11,9,3,54,18,1,20,202,10.1,1,23,256,11.1,2,PHAROH,COOPER,21,203,4.52,31,15,115,6.886183206,4.220289855,117,2016,71,40.6
81,229,3531,15.4,24,69,498,7.2,7,298,4029,13.5,31,T.Y. Hilton,Sun Belt,SR,13,72,1038,14.4,7,19,124,6.5,1,91,1162,12.8,8,13,59,848,14.4,5,30,282,9.4,4,89,1130,12.7,9,12,57,632,11.1,5,6,49,8.2,0,63,681,10.8,5,TY,HILTON,22,183,4.34,35.96571429,14.82580645,121.2294118,6.886183206,4.220289855,92,2012,69,660.4
38,143,1986,13.9,16,58,494,8.5,2,201,2480,12.3,18,Jacoby Ford,ACC,SR,14,56,779,13.9,6,18,122,6.8,2,74,901,12.2,8,13,55,710,12.9,4,18,96,5.3,0,73,806,11,4,8,17,310,18.2,4,14,172,12.3,0,31,482,15.5,4,JACOBY,FORD,22,186,4.28,33.5,15,115,7,4.44,108,2010,69,163.5
67,302,4004,13.3,30,75,425,5.7,2,377,4429,11.7,32,Kendall Wright,Big 12,SR,13,108,1663,15.4,14,10,72,7.2,0,118,1735,14.7,14,13,78,952,12.2,7,8,53,6.6,0,86,1005,11.7,7,12,66,740,11.2,4,28,132,4.7,1,94,872,9.3,5,KENDALL,WRIGHT,22,196,4.49,38.5,14.82580645,121,6.93,4.18,20,2012,70,530.8
34,226,2309,10.2,18,118,415,3.5,6,344,2724,7.9,24,Kerry Meier,Big 12,SR,12,102,985,9.7,8,2,-2,-1,0,104,983,9.5,8,13,97,1045,10.8,8,2,-5,-2.5,0,99,1040,10.5,8,13,26,274,10.5,2,15,78,5.2,1,41,352,8.6,3,KERRY,MEIER,23,224,4.62,35,13,115,6.886183206,4.23,165,2010,74,0
110,120,1364,11.4,7,46,405,8.8,3,166,1769,10.7,10,Marquise Goodwin,Big 12,SR,13,26,340,13.1,3,13,140,10.8,3,39,480,12.3,6,12,33,421,12.8,2,22,220,10,0,55,641,11.7,2,11,31,324,10.5,1,9,37,4.1,0,40,361,9,1,MARQUISE,GOODWIN,22,183,4.27,35.96571429,13,132,6.886183206,4.220289855,78,2013,69,73
4,259,3231,12.5,22,45,395,8.8,3,304,3626,11.9,25,Mike Thomas,Pac-10,SR,13,74,825,11.1,4,24,114,4.8,1,98,939,9.6,5,12,83,1038,12.5,11,10,173,17.3,1,93,1211,13,12,12,50,597,11.9,2,6,68,11.3,0,56,665,11.9,2,MIKE,THOMAS,21,195,4.3,40.5,14.82580645,126,6.65,4.28,107,2009,68,375.9
283,44,834,19,10,33,369,11.2,4,77,1203,15.6,14,Antonio Gibson,American,SR,14,38,735,19.3,8,33,369,11.2,4,71,1104,15.5,12,5,6,99,16.5,2,0,0,0,0,6,99,16.5,2,0,0,0,0,0,0,0,0,0,0,0,0,0,ANTONIO,GIBSON,21,228,4.39,35,16,118,7.116666667,4.35125,66,2020,72,0
46,204,3063,15,25,47,350,7.4,8,251,3413,13.6,33,Titus Young,WAC,SR,13,71,1215,17.1,9,14,94,6.7,1,85,1309,15.4,10,14,79,1041,13.2,10,15,138,9.2,3,94,1179,12.5,13,3,10,168,16.8,1,5,52,10.4,2,15,220,14.7,3,TITUS,YOUNG,21,174,4.43,35.96571429,14.82580645,123,6.886183206,4.220289855,44,2011,71,245.1
135,226,3272,14.5,24,61,340,5.6,2,287,3612,12.6,26,Brandin Cooks,Pac-12,JR,13,128,1730,13.5,16,32,217,6.8,2,160,1947,12.2,18,13,67,1151,17.2,5,19,82,4.3,0,86,1233,14.3,5,12,31,391,12.6,3,10,41,4.1,0,41,432,10.5,3,BRANDIN,COOKS,20,189,4.33,36,16,120,6.76,3.81,20,2014,70,639.2
117,240,3391,14.1,27,52,339,6.5,1,292,3730,12.8,28,Sammy Watkins,ACC,JR,13,101,1464,14.5,12,6,11,1.8,0,107,1475,13.8,12,10,57,708,12.4,3,14,97,6.9,1,71,805,11.3,4,13,82,1219,14.9,12,32,231,7.2,0,114,1450,12.7,12,SAMMY,WATKINS,20,211,4.43,34,16,126,6.95,4.34,4,2014,73,499.8
150,172,2125,12.4,15,39,334,8.6,4,211,2459,11.7,19,Ty Montgomery,Pac-12,SR,11,61,604,9.9,3,23,144,6.3,1,84,748,8.9,4,14,61,958,15.7,10,13,159,12.2,2,74,1117,15.1,12,11,26,213,8.2,0,1,-11,-11,0,27,202,7.5,0,TY,MONTGOMERY,22,221,4.55,40.5,14.82580645,121,6.97,4.21,94,2015,72,0
265,148,2248,15.2,22,35,324,9.3,2,183,2572,14.1,24,Jalen Reagor,Big 12,JR,12,43,611,14.2,5,14,89,6.4,0,57,700,12.3,5,13,72,1061,14.7,9,13,170,13.1,2,85,1231,14.5,11,14,33,576,17.5,8,8,65,8.1,0,41,641,15.6,8,JALEN,REAGOR,21,206,4.47,42,17,138,7.31,4.46,21,2020,71,0
280,82,1447,17.6,14,24,317,13.2,2,106,1764,16.6,16,John Hightower,MWC,SR,14,51,943,18.5,8,16,154,9.6,0,67,1097,16.4,8,9,31,504,16.3,6,8,163,20.4,2,39,667,17.1,8,0,0,0,0,0,0,0,0,0,0,0,0,0,JOHN,HIGHTOWER,24,189,4.43,38.5,15.5,122,7.07,4.21,168,2020,73,0
17,138,2089,15.1,13,25,314,12.6,2,163,2403,14.7,15,Darrius Heyward-Bey,ACC,JR,12,42,609,14.5,5,15,202,13.5,1,57,811,14.2,6,13,51,786,15.4,3,5,107,21.4,1,56,893,15.9,4,13,45,694,15.4,5,5,5,1,0,50,699,14,5,DARRIUS,HEYWARD-BEY,22,210,4.3,38.5,16,126,6.8,4.18,7,2009,74,284.2
129,152,2025,13.3,20,54,310,5.7,0,206,2335,11.3,20,Robert Herron,MWC,SR,12,72,932,12.9,9,2,12,6,0,74,944,12.8,9,8,31,657,21.2,8,4,10,2.5,0,35,667,19.1,8,12,43,379,8.8,3,8,53,6.6,0,51,432,8.5,3,ROBERT,HERRON,21,193,4.48,35.5,18,125,6.84,4.27,185,2014,69,17.8
104,46,778,16.9,5,25,308,12.3,3,71,1086,15.3,8,Cordarrelle Patterson,SEC,JR,12,46,778,16.9,5,25,308,12.3,3,71,1086,15.3,8,0,0,0,0,0,0,0,0,0,0,0,0,0,0,0,0,0,0,0,0,0,0,0,0,0,0,CORDARRELLE,PATTERSON,21,216,4.42,37,14.82580645,128,6.886183206,4.220289855,29,2013,74,245.3
56,120,1299,10.8,12,63,306,4.9,8,183,1605,8.8,20,Jeremy Kerley,MWC,SR,13,56,575,10.3,10,18,97,5.4,2,74,672,9.1,12,13,44,532,12.1,2,14,50,3.6,3,58,582,10,5,11,11,95,8.6,0,25,143,5.7,3,36,238,6.6,3,JEREMY,KERLEY,22,189,4.56,34.5,16,120,6.886183206,4.220289855,153,2011,69,330.42
201,203,3085,15.2,26,32,301,9.4,2,235,3386,14.4,28,Jalen Saunders,Big 12,SR,13,61,729,12,8,5,44,8.8,0,66,773,11.7,8,9,62,829,13.4,3,0,0,0,0,62,829,13.4,3,13,50,1065,21.3,12,8,91,11.4,2,58,1156,19.9,14,JALEN,SAUNDERS,21,165,4.44,34,14.82580645,122,6.886183206,4.220289855,104,2014,69,0
5,46,927,20.2,8,26,294,11.3,2,72,1221,17,10,Brandon Tate,ACC,SR,6,16,376,23.5,3,11,143,13,1,27,519,19.2,4,12,25,479,19.2,5,12,131,10.9,1,37,610,16.5,6,12,5,72,14.4,0,3,20,6.7,0,8,92,11.5,0,BRANDON,TATE,21,183,4.52,35.96571429,14.82580645,121.2294118,6.886183206,4.220289855,83,2009,72,90.5
141,202,3140,15.5,23,28,291,10.4,2,230,3431,14.9,25,Jared Abbrederis,Big Ten,SR,13,78,1081,13.9,7,6,119,19.8,2,84,1200,14.3,9,13,49,837,17.1,5,8,83,10.4,0,57,920,16.1,5,14,55,933,17,8,11,62,5.6,0,66,995,15.1,8,JARED,ABBREDERIS,23,195,4.5,30.5,4,117,6.8,4.08,176,2014,73,21.9
63,154,1854,12,13,42,290,6.9,2,196,2144,10.9,15,Tandon Doss,Big Ten,JR,11,63,706,11.2,7,28,163,5.8,1,91,869,9.5,8,12,77,962,12.5,5,14,127,9.1,1,91,1089,12,6,8,14,186,13.3,1,0,0,0,0,14,186,13.3,1,TANDON,DOSS,21,201,4.62,35.96571429,14,121.2294118,6.886183206,4.220289855,123,2011,74,72.8
45,159,2221,14,7,62,282,4.5,3,221,2503,11.3,10,Arrelious Benn,Big Ten,JR,12,38,490,12.9,2,7,23,3.3,1,45,513,11.4,3,12,67,1055,15.7,3,23,101,4.4,2,90,1156,12.8,5,13,54,676,12.5,2,32,158,4.9,0,86,834,9.7,2,ARRELIOUS,BENN,21,219,4.57,37,20,118,6.886183206,4.220289855,39,2010,73,179.6
262,149,1943,13,10,42,280,6.7,7,191,2223,11.6,17,Laviska Shenault Jr.,Pac-12,JR,11,56,764,13.6,4,23,161,7,2,79,925,11.7,6,9,86,1011,11.8,6,17,115,6.8,5,103,1126,10.9,11,7,7,168,24,0,2,4,2,0,9,172,19.1,0,LAVISKA,SHENAULT,21,227,4.58,37.10714286,17,125.1111111,7.116666667,4.35125,42,2020,73,0
95,164,2410,14.7,17,27,248,9.2,2,191,2658,13.9,19,Joe Adams,SEC,SR,13,54,652,12.1,3,10,139,13.9,1,64,791,12.4,4,12,50,813,16.3,6,6,32,5.3,0,56,845,15.1,6,10,29,568,19.6,7,5,31,6.2,1,34,599,17.6,8,JOE,ADAMS,22,179,4.51,36,14.82580645,123,7.09,4.220289855,104,2012,71,0
128,144,2366,16.4,24,18,242,13.4,2,162,2608,16.1,26,Josh Huff,Pac-12,SR,13,62,1140,18.4,12,6,28,4.7,0,68,1168,17.2,12,11,32,493,15.4,7,0,0,0,0,32,493,15.4,7,12,31,430,13.9,2,0,0,0,0,31,430,13.9,2,JOSH,HUFF,22,206,4.51,35.5,14,116,6.886183206,4.220289855,86,2014,71,127.5
92,187,2515,13.4,18,31,239,7.7,1,218,2754,12.6,19,LaVon Brazill,MAC,SR,14,72,1150,16,11,5,73,14.6,1,77,1223,15.9,12,3,12,78,6.5,0,3,5,1.7,0,15,83,5.5,0,13,53,702,13.2,6,14,86,6.1,0,67,788,11.8,6,LAVON,BRAZILL,22,192,4.43,32.5,11,121.2294118,6.886183206,4.220289855,206,2012,71,73.7
85,163,2473,15.2,21,45,238,5.3,2,208,2711,13,23,Chris Givens,ACC,JR,13,83,1330,16,9,14,77,5.5,0,97,1407,14.5,9,11,35,514,14.7,4,16,63,3.9,2,51,577,11.3,6,12,45,629,14,8,15,98,6.5,0,60,727,12.1,8,CHRIS,GIVENS,22,198,4.35,33.5,19,118,6.97,4.23,96,2012,71,256
136,229,2506,10.9,14,51,238,4.7,2,280,2744,9.8,16,Michael Campanaro,ACC,SR,8,67,803,12,6,4,10,2.5,0,71,813,11.5,6,10,79,763,9.7,6,16,82,5.1,1,95,845,8.9,7,12,73,833,11.4,2,2,23,11.5,0,75,856,11.4,2,MICHAEL,CAMPANARO,23,192,4.46,39,20,122,6.77,4.01,218,2014,69,0
116,205,2570,12.5,17,30,230,7.7,2,235,2800,11.9,19,Keenan Allen,Pac-12,JR,9,61,737,12.1,6,3,39,13,1,64,776,12.1,7,13,98,1343,13.7,6,9,55,6.1,0,107,1398,13.1,6,11,46,490,10.7,5,18,136,7.6,1,64,626,9.8,6,KEENAN,ALLEN,20,206,4.58,35.96571429,14.82580645,121.2294118,6.886183206,4.220289855,76,2013,74,556.4
28,157,2707,17.2,26,31,227,7.3,3,188,2934,15.6,29,Golden Tate,Ind,JR,12,93,1496,16.1,15,25,186,7.4,2,118,1682,14.3,17,13,58,1080,18.6,10,5,37,7.4,1,63,1117,17.7,11,12,6,131,21.8,1,1,4,4,0,7,135,19.3,1,GOLDEN,TATE,21,199,4.42,35,17,120,7.12,4.34,60,2010,70,297.42
152,249,3710,14.9,29,22,192,8.7,0,271,3902,14.4,29,Tyler Lockett,Big 12,SR,13,106,1515,14.3,11,3,17,5.7,0,109,1532,14.1,11,12,81,1262,15.6,11,2,10,5,0,83,1272,15.3,11,13,44,687,15.6,4,7,55,7.9,0,51,742,14.5,4,TYLER,LOCKETT,22,182,4.4,35.5,14.82580645,121,6.89,4.07,69,2015,70,395.8
159,150,2227,14.8,14,32,187,5.8,0,182,2414,13.3,14,Stefon Diggs,Big Ten,JR,10,62,792,12.8,5,5,28,5.6,0,67,820,12.2,5,7,34,587,17.3,3,7,45,6.4,0,41,632,15.4,3,11,54,848,15.7,6,20,114,5.7,0,74,962,13,6,STEFON,DIGGS,21,195,4.46,35,14.82580645,115,7.03,4.32,146,2015,72,540.8
264,129,1465,11.4,16,34,172,5.1,1,163,1637,10,17,Joe Reed,ACC,SR,13,77,679,8.8,7,8,42,5.3,0,85,721,8.5,7,13,25,465,18.6,7,3,15,5,0,28,480,17.1,7,12,23,244,10.6,2,21,112,5.3,1,44,356,8.1,3,JOE,REED,22,224,4.47,38,21,123,7.116666667,4.35125,151,2020,72,0
186,173,3009,17.4,33,33,164,5,1,206,3173,15.4,34,Corey Coleman,Big 12,JR,12,74,1363,18.4,20,22,111,5,0,96,1474,15.4,20,10,64,1119,17.5,11,11,53,4.8,1,75,1172,15.6,12,12,35,527,15.1,2,0,0,0,0,35,527,15.1,2,COREY,COLEMAN,21,194,4.42,40.5,17,129,6.886183206,4.220289855,15,2016,71,171.4
29,248,3191,12.9,33,16,162,10.1,0,264,3353,12.7,33,Jordan Shipley,Big 12,SR,14,116,1485,12.8,13,1,0,0,0,117,1485,12.7,13,13,89,1060,11.9,11,4,32,8,0,93,1092,11.7,11,13,27,417,15.4,5,4,20,5,0,31,437,14.1,5,JORDAN,SHIPLEY,24,193,4.6,36.5,16,116,6.886183206,4.220289855,84,2010,71,186.8
166,155,2295,14.8,19,22,160,7.3,2,177,2455,13.9,21,Da'Ron Brown,MAC,SR,14,68,1065,15.7,6,10,108,10.8,1,78,1173,15,7,12,46,752,16.3,9,7,45,6.4,0,53,797,15,9,14,17,156,9.2,2,4,4,1,1,21,160,7.6,3,DA'RON,BROWN,23,205,4.54,37,17,120,7.04,4.11,233,2015,72,0
190,141,1686,12,9,28,152,5.4,1,169,1838,10.9,10,Demarcus Ayers,American,JR,14,97,1221,12.6,6,26,148,5.7,1,123,1369,11.1,7,13,33,335,10.2,2,2,4,2,0,35,339,9.7,2,13,11,130,11.8,1,0,0,0,0,11,130,11.8,1,DEMARCUS,AYERS,21,182,4.72,33,14.82580645,123,6.886183206,4.220289855,229,2016,69,16.1
188,165,2174,13.2,10,22,149,6.8,0,187,2323,12.4,10,Aaron Burbridge,Big Ten,SR,14,85,1258,14.8,7,9,44,4.9,0,94,1302,13.9,7,13,29,358,12.3,1,8,39,4.9,0,37,397,10.7,1,9,22,194,8.8,0,4,62,15.5,0,26,256,9.8,0,AARON,BURBRIDGE,22,206,4.56,30.5,20,115,7.22,4.31,213,2016,72,13.8
134,106,1586,15,16,25,148,5.9,1,131,1734,13.2,17,Bruce Ellington,SEC,JR,12,49,775,15.8,8,3,14,4.7,0,52,789,15.2,8,13,40,600,15,7,5,28,5.6,0,45,628,14,7,13,17,211,12.4,1,17,106,6.2,1,34,317,9.3,2,BRUCE,ELLINGTON,22,197,4.45,39.5,15,120,6.69,3.95,106,2014,69,60
82,49,1248,25.5,9,12,147,12.3,1,61,1395,22.9,10,Stephen Hill,ACC,JR,13,28,820,29.3,5,4,29,7.3,0,32,849,26.5,5,12,15,291,19.4,3,3,34,11.3,0,18,325,18.1,3,13,6,137,22.8,1,5,84,16.8,1,11,221,20.1,2,STEPHEN,HILL,20,215,4.36,39.5,14,133,6.88,4.48,43,2012,76,126.4
125,248,3655,14.7,29,24,146,6.1,0,272,3801,14,29,Marqise Lee,Pac-12,JR,11,57,791,13.9,4,6,7,1.2,0,63,798,12.7,4,13,118,1721,14.6,14,13,106,8.2,0,131,1827,13.9,14,12,73,1143,15.7,11,5,33,6.6,0,78,1176,15.1,11,MARQISE,LEE,22,192,4.52,38,14.82580645,127,6.886183206,4.01,39,2014,72,302.4
96,252,2930,11.6,32,14,142,10.1,0,266,3072,11.5,32,Robert Woods,Pac-12,JR,13,76,846,11.1,11,1,76,76,0,77,922,12,11,12,111,1292,11.6,15,7,16,2.3,0,118,1308,11.1,15,13,65,792,12.2,6,6,50,8.3,0,71,842,11.9,6,ROBERT,WOODS,20,201,4.51,33.5,14,117,7.15,4.47,41,2013,72,403.4
26,161,1750,10.9,11,24,140,5.8,0,185,1890,10.2,11,Kyle Williams,Pac-12,SR,13,45,482,10.7,2,13,46,3.5,0,58,528,9.1,2,13,44,449,10.2,2,1,8,8,0,45,457,10.2,2,13,66,763,11.6,7,10,86,8.6,0,76,849,11.2,7,KYLE,WILLIAMS,21,188,4.4,33,11,118,7,4.19,206,2010,70,110.4
57,179,2653,14.8,15,10,139,13.9,2,189,2792,14.8,17,Julio Jones,SEC,JR,13,78,1133,14.5,7,8,135,16.9,2,86,1268,14.7,9,13,43,596,13.9,4,2,4,2,0,45,600,13.3,4,14,58,924,15.9,4,0,0,0,0,58,924,15.9,4,JULIO,JONES,22,220,4.34,38.5,17,135,6.66,4.25,6,2011,75,573
121,187,3102,16.6,24,11,136,12.4,0,198,3238,16.4,24,Tevin Reese,Big 12,SR,8,38,867,22.8,8,0,0,0,0,38,867,22.8,8,13,53,957,18.1,9,4,21,5.3,0,57,978,17.2,9,13,51,877,17.2,7,5,102,20.4,0,56,979,17.5,7,TEVIN,REESE,23,163,4.46,41,14.82580645,132,6.63,4.18,240,2014,70,0
161,283,3641,12.9,23,21,135,6.4,1,304,3776,12.4,24,Jamison Crowder,ACC,SR,13,85,1044,12.3,6,2,9,4.5,0,87,1053,12.1,6,14,108,1360,12.6,8,8,71,8.9,1,116,1431,12.3,9,13,76,1074,14.1,8,3,13,4.3,0,79,1087,13.8,8,JAMISON,CROWDER,21,185,4.56,37,10,115,7.17,4.32,105,2015,68,485.4
88,209,2859,13.7,32,17,129,7.6,0,226,2988,13.2,32,Juron Criner,Pac-12,SR,11,75,956,12.7,11,1,0,0,0,76,956,12.6,11,13,82,1233,15,11,8,66,8.3,0,90,1299,14.4,11,13,45,582,12.9,9,8,63,7.9,0,53,645,12.2,9,JURON,CRINER,22,224,4.66,38,17,117,7.15,4.3,168,2012,74,45.3
94,131,2146,16.4,13,25,126,5,1,156,2272,14.6,14,Travis Benjamin,ACC,SR,11,41,609,14.9,3,8,19,2.4,0,49,628,12.8,3,13,43,743,17.3,3,3,44,14.7,0,46,787,17.1,3,13,29,501,17.3,4,9,21,2.3,0,38,522,13.7,4,TRAVIS,BENJAMIN,22,172,4.31,38,14,119,6.886183206,4.220289855,100,2012,70,150.9
32,149,2019,13.6,14,24,125,5.2,0,173,2144,12.4,14,Taylor Price,MAC,SR,14,56,784,14,5,11,103,9.4,0,67,887,13.2,5,12,51,694,13.6,5,5,19,3.8,0,56,713,12.7,5,12,33,464,14.1,4,6,23,3.8,0,39,487,12.5,4,TAYLOR,PRICE,22,204,4.4,37,16,114,6.82,4.34,90,2010,72,13
149,88,1348,15.3,7,14,125,8.9,1,102,1473,14.4,8,Keith Mumphery,Big Ten,SR,12,26,495,19,3,6,85,14.2,1,32,580,18.1,4,12,18,299,16.6,3,2,2,1,0,20,301,15.1,3,13,42,515,12.3,1,6,38,6.3,0,48,553,11.5,1,KEITH,MUMPHERY,22,215,4.54,32.5,14.82580645,121,7.07,4.25,175,2015,72,43.8
20,97,1237,12.8,6,12,121,10.1,0,109,1358,12.5,6,Brooks Foster,ACC,SR,13,30,334,11.1,2,8,104,13,0,38,438,11.5,2,11,29,417,14.4,2,2,2,1,0,31,419,13.5,2,12,38,486,12.8,2,2,15,7.5,0,40,501,12.5,2,BROOKS,FOSTER,22,211,4.44,35.96571429,27,121.2294118,6.886183206,4.220289855,160,2009,72,0
66,98,1327,13.5,8,18,118,6.6,0,116,1445,12.5,8,Devon Wylie,WAC,SR,13,56,716,12.8,1,8,48,6,0,64,764,11.9,1,1,2,39,19.5,1,1,4,4,0,3,43,14.3,1,10,17,259,15.2,4,3,16,5.3,0,20,275,13.8,4,DEVON,WYLIE,23,187,4.36,39,17,123,6.886183206,4.220289855,107,2012,69,11.3
78,156,2270,14.6,13,11,116,10.5,1,167,2386,14.3,14,Marvin Jones,Pac-12,SR,13,62,846,13.6,3,5,22,4.4,0,67,868,13,3,12,50,765,15.3,4,6,94,15.7,1,56,859,15.3,5,13,43,651,15.1,6,0,0,0,0,43,651,15.1,6,MARVIN,JONES,21,199,4.46,33,22,112,6.81,4.11,166,2012,74,237.5
124,262,3759,14.3,24,9,115,12.8,1,271,3874,14.3,25,Jordan Matthews,SEC,SR,13,112,1477,13.2,7,6,54,9,0,118,1531,13,7,13,94,1323,14.1,8,3,61,20.3,1,97,1384,14.3,9,13,41,778,19,5,0,0,0,0,41,778,19,5,JORDAN,MATTHEWS,21,212,4.46,35.5,21,120,6.95,4.18,42,2014,75,604.4
146,56,1060,18.9,11,4,115,28.8,1,60,1175,19.6,12,DeAndre Smelter,ACC,SR,10,35,715,20.4,7,3,103,34.3,1,38,818,21.5,8,12,21,345,16.4,4,1,12,12,0,22,357,16.2,4,0,0,0,0,0,0,0,0,0,0,0,0,0,DEANDRE,SMELTER,23,226,4.52,35.96571429,14.82580645,121.2294118,6.886183206,4.220289855,132,2015,74,3.3
40,227,3119,13.7,24,15,114,7.6,1,242,3233,13.4,25,Eric Decker,Big Ten,SR,8,50,758,15.2,5,0,0,0,0,50,758,15.2,5,12,84,1074,12.8,7,11,87,7.9,1,95,1161,12.2,8,12,67,909,13.6,9,3,22,7.3,0,70,931,13.3,9,ERIC,DECKER,22,217,4.54,35.96571429,15,121.2294118,6.886183206,4.220289855,87,2010,75,441.3
16,202,2861,14.2,19,12,109,9.1,1,214,2970,13.9,20,Juaquin Iglesias,Big 12,SR,14,74,1150,15.5,10,1,7,7,0,75,1157,15.4,10,14,68,907,13.3,5,8,87,10.9,1,76,994,13.1,6,14,41,514,12.5,2,2,6,3,0,43,520,12.1,2,JUAQUIN,IGLESIAS,21,210,4.44,34.5,14.82580645,116,6.886183206,4.4,99,2009,73,0
167,181,2689,14.9,21,6,109,18.2,1,187,2798,15,22,Kenny Bell,Big Ten,SR,13,47,788,16.8,6,0,0,0,0,47,788,16.8,6,13,52,577,11.1,4,1,1,1,0,53,578,10.9,4,14,50,863,17.3,8,2,8,4,0,52,871,16.8,8,KENNY,BELL,23,197,4.42,41.5,7,129,6.66,4.15,162,2015,73,0
172,233,3482,14.9,26,17,109,6.4,1,250,3591,14.4,27,Sterling Shepard,Big 12,SR,13,86,1288,15,11,1,5,5,0,87,1293,14.9,11,11,51,970,19,5,8,41,5.1,0,59,1011,17.1,5,12,51,603,11.8,7,6,44,7.3,1,57,647,11.4,8,STERLING,SHEPARD,23,194,4.48,41,20,123,7,4.35,40,2016,70,511.4
23,215,3255,15.1,30,17,106,6.2,0,232,3361,14.5,30,Austin Collie,MWC,JR,13,106,1538,14.5,15,10,77,7.7,0,116,1615,13.9,15,13,56,946,16.9,7,1,10,10,0,57,956,16.8,7,11,53,771,14.5,8,6,19,3.2,0,59,790,13.4,8,AUSTIN,COLLIE,23,200,4.53,34,17,120,6.78,4.24,127,2009,73,450
55,112,2004,17.9,18,10,105,10.5,1,122,2109,17.3,19,Denarius Moore,SEC,SR,13,47,981,20.9,9,7,82,11.7,1,54,1063,19.7,10,13,40,540,13.5,7,3,23,7.7,0,43,563,13.1,7,12,11,271,24.6,2,0,0,0,0,11,271,24.6,2,DENARIUS,MOORE,22,194,4.43,36,13,118,6.78,4.15,148,2011,72,449
62,166,2619,15.8,23,7,105,15,0,173,2724,15.7,23,A.J. Green,SEC,JR,9,57,848,14.9,9,3,44,14.7,0,60,892,14.9,9,10,53,808,15.2,6,0,0,0,0,53,808,15.2,6,13,56,963,17.2,8,4,61,15.3,0,60,1024,17.1,8,AJ,GREEN,22,211,4.48,34.5,18,126,6.91,4.21,4,2011,76,824.4
91,349,4586,13.1,45,15,97,6.5,1,364,4683,12.9,46,Ryan Broyles,Big 12,SR,9,83,1157,13.9,10,1,3,3,0,84,1160,13.8,10,14,131,1622,12.4,14,0,0,0,0,131,1622,12.4,14,12,89,1120,12.6,15,11,83,7.5,1,100,1203,12,16,RYAN,BROYLES,23,192,4.57,35.96571429,21,121.2294118,6.886183206,4.220289855,54,2012,70,86
131,173,2704,15.6,17,17,97,5.7,0,190,2801,14.7,17,Jeremy Gallon,Big Ten,SR,13,89,1373,15.4,9,3,4,1.3,0,92,1377,15,9,13,49,829,16.9,4,11,67,6.1,0,60,896,14.9,4,13,31,453,14.6,3,3,26,8.7,0,34,479,14.1,3,JEREMY,GALLON,24,185,4.49,35.96571429,15,121.2294118,6.886183206,4.220289855,244,2014,67,0
1,101,1910,18.9,15,11,94,8.5,0,112,2004,17.9,15,Mike Wallace,SEC,SR,13,39,784,20.1,7,10,92,9.2,0,49,876,17.9,7,12,38,716,18.8,6,0,0,0,0,38,716,18.8,6,12,24,410,17.1,2,1,2,2,0,25,412,16.5,2,MIKE,WALLACE,22,199,4.33,40,14,129,6.9,4.27,84,2009,72,646
276,146,2153,14.7,18,25,93,3.7,1,171,2246,13.1,19,Jauan Jennings,SEC,SR,13,59,969,16.4,8,13,51,3.9,1,72,1020,14.2,9,11,30,438,14.6,3,0,0,0,0,30,438,14.6,3,1,3,17,5.7,0,0,0,0,0,3,17,5.7,0,JAUAN,JENNINGS,23,215,4.72,29,15.5,119,7.116666667,4.35125,217,2020,75,0
11,153,2763,18.1,22,5,92,18.4,0,158,2855,18.1,22,Marko Mitchell,WAC,SR,13,61,1141,18.7,10,4,45,11.3,0,65,1186,18.2,10,13,53,1129,21.3,8,1,47,47,0,54,1176,21.8,8,13,39,493,12.6,4,0,0,0,0,39,493,12.6,4,MARKO,MITCHELL,23,218,4.43,32,9,116,7.04,4.33,243,2009,76,7.2
58,138,1750,12.7,20,16,88,5.5,0,154,1838,11.9,20,Ronald Johnson,Pac-10,SR,13,64,692,10.8,8,5,25,5,0,69,717,10.4,8,8,34,378,11.1,3,1,4,4,0,35,382,10.9,3,13,33,570,17.3,8,6,32,5.3,0,39,602,15.4,8,RONALD,JOHNSON,22,199,4.46,35.96571429,16,121.2294118,6.886183206,4.220289855,182,2011,71,0
184,83,1297,15.6,10,5,87,17.4,0,88,1384,15.7,10,Cody Core,SEC,SR,12,37,644,17.4,4,1,1,1,0,38,645,17,4,13,41,558,13.6,6,4,86,21.5,0,45,644,14.3,6,6,4,91,22.8,0,0,0,0,0,4,91,22.8,0,CODY,CORE,21,205,4.47,31.5,14,119,6.886183206,4.220289855,199,2016,75,74
268,103,1327,12.9,14,9,87,9.7,0,112,1414,12.6,14,Donovan Peoples-Jones,Big Ten,JR,11,34,438,12.9,6,2,-7,-3.5,0,36,431,12,6,13,47,612,13,8,3,37,12.3,0,50,649,13,8,13,22,277,12.6,0,4,57,14.3,0,26,334,12.8,0,DONOVAN,PEOPLES-JONES,21,212,4.48,44.5,15.5,139,7.116666667,4.35125,187,2020,74,0
282,98,1658,16.9,13,17,87,5.1,1,115,1745,15.2,14,KJ Hamler,Big Ten,SO,13,56,904,16.1,8,13,43,3.3,0,69,947,13.7,8,13,42,754,18,5,4,44,11,1,46,798,17.3,6,0,0,0,0,0,0,0,0,0,0,0,0,0,KJ,HAMLER,20,178,4.49,37.10714286,15,125.1111111,7.116666667,4.35125,46,2020,69,0
93,253,3564,14.1,40,8,84,10.5,1,261,3648,14,41,Justin Blackmon,Big 12,JR,13,122,1522,12.5,18,4,7,1.8,0,126,1529,12.1,18,12,111,1782,16.1,20,4,77,19.3,1,115,1859,16.2,21,13,20,260,13,2,0,0,0,0,20,260,13,2,JUSTIN,BLACKMON,22,207,4.46,35.96571429,14,121.2294118,6.886183206,4.220289855,5,2012,73,261.2
87,218,3086,14.2,25,8,82,10.3,0,226,3168,14,25,B.J. Cunningham,Big Ten,SR,14,79,1306,16.5,12,3,26,8.7,0,82,1332,16.2,12,12,50,611,12.2,9,1,0,0,0,51,611,12,9,12,48,641,13.4,4,0,0,0,0,48,641,13.4,4,BJ,CUNNINGHAM,22,211,4.52,31.5,12,116,7.1,4.220289855,183,2012,73,0
155,270,3830,14.2,29,9,81,9,1,279,3911,14,30,Rashad Greene,ACC,SR,14,99,1365,13.8,7,1,-2,-2,0,100,1363,13.6,7,14,76,1128,14.8,9,1,9,9,0,77,1137,14.8,9,14,57,741,13,6,4,30,7.5,1,61,771,12.6,7,RASHAD,GREENE,22,182,4.53,36.5,14.82580645,122,6.88,4.12,139,2015,71,46.5
118,202,2901,14.4,16,11,77,7,0,213,2978,14,16,Devin Street,ACC,SR,10,51,854,16.7,7,3,6,2,0,54,860,15.9,7,13,73,975,13.4,5,3,30,10,0,76,1005,13.2,5,13,53,754,14.2,2,2,25,12.5,0,55,779,14.2,2,DEVIN,STREET,22,198,4.55,37,14.82580645,124,6.89,4.01,146,2014,75,29.2
139,143,2340,16.4,12,7,77,11,0,150,2417,16.1,12,"Odell Beckham, Jr.",SEC,JR,13,59,1152,19.5,8,5,58,11.6,0,64,1210,18.9,8,13,43,713,16.6,2,0,0,0,0,43,713,16.6,2,14,41,475,11.6,2,2,19,9.5,0,43,494,11.5,2,ODELL,BECKHAM,21,198,4.38,38.5,7,122,6.69,3.94,12,2014,71,910.9
25,178,3043,17.1,17,7,75,10.7,1,185,3118,16.9,18,Kenny Britt,Big East,JR,12,87,1371,15.8,7,7,75,10.7,1,94,1446,15.4,8,13,62,1232,19.9,8,0,0,0,0,62,1232,19.9,8,9,29,440,15.2,2,0,0,0,0,29,440,15.2,2,KENNY,BRITT,20,218,4.47,37,23,124,6.886183206,4.47,30,2009,75,363.5
76,147,2243,15.3,13,10,75,7.5,2,157,2318,14.8,15,Rishard Matthews,WAC,SR,12,91,1364,15,8,5,-1,-0.2,0,96,1363,14.2,8,14,56,879,15.7,5,5,76,15.2,2,61,955,15.7,7,0,0,0,0,0,0,0,0,0,0,0,0,0,RISHARD,MATTHEWS,22,217,4.54,36,20,121.2294118,6.88,4.19,227,2012,72,161.7
263,98,1716,17.5,24,2,75,37.5,1,100,1791,17.9,25,Henry Ruggs III,SEC,JR,12,40,746,18.7,7,2,75,37.5,1,42,821,19.5,8,14,46,741,16.1,11,0,0,0,0,46,741,16.1,11,14,12,229,19.1,6,0,0,0,0,12,229,19.1,6,HENRY,RUGGS,21,188,4.27,42,15.5,131,7.116666667,4.35125,12,2020,71,0
102,99,1230,12.4,13,12,72,6,0,111,1302,11.7,13,Ace Sanders,SEC,JR,13,45,531,11.8,9,3,1,0.3,0,48,532,11.1,9,13,29,383,13.2,2,4,15,3.8,0,33,398,12.1,2,14,25,316,12.6,2,5,56,11.2,0,30,372,12.4,2,ACE,SANDERS,21,173,4.58,32,7,117,6.81,4.37,101,2013,67,120.14
18,90,1429,15.9,12,10,68,6.8,0,100,1497,15,12,Brian Hartline,Big Ten,JR,13,21,479,22.8,4,3,17,5.7,0,24,496,20.7,4,13,52,694,13.3,6,6,46,7.7,0,58,740,12.8,6,12,17,256,15.1,2,1,5,5,0,18,261,14.5,2,BRIAN,HARTLINE,22,195,4.49,34.5,14.82580645,120,6.65,4.12,108,2009,74,316.5
65,128,2337,18.3,16,5,68,13.6,0,133,2405,18.1,16,Jon Baldwin,Big East,JR,13,53,822,15.5,5,3,3,1,0,56,825,14.7,5,13,57,1111,19.5,8,1,61,61,0,58,1172,20.2,8,13,18,404,22.4,3,1,4,4,0,19,408,21.5,3,JON,BALDWIN,21,228,4.49,42,20,129,7.07,4.34,26,2011,76,0
48,152,2215,14.6,19,21,66,3.1,1,173,2281,13.2,20,Torrey Smith,ACC,JR,13,67,1055,15.7,12,9,7,0.8,0,76,1062,14,12,12,61,824,13.5,5,11,59,5.4,1,72,883,12.3,6,13,24,336,14,2,1,0,0,0,25,336,13.4,2,TORREY,SMITH,22,204,4.41,41,19,126,6.72,4.13,58,2011,73,567.2
6,164,2653,16.2,14,11,64,5.8,0,175,2717,15.5,14,Sammie Stroughter,Pac-10,SR,13,70,1040,14.9,7,7,52,7.4,0,77,1092,14.2,7,3,15,262,17.5,2,1,4,4,0,16,266,16.6,2,14,74,1293,17.5,5,3,8,2.7,0,77,1301,16.9,5,SAMMIE,STROUGHTER,23,189,4.45,30,13,110,7.03,4.28,233,2009,69,125.6
200,147,2114,14.4,17,7,64,9.1,0,154,2178,14.1,17,Damian Williams,Pac-10,JR,12,70,1010,14.4,6,2,16,8,0,72,1026,14.3,6,13,58,869,15,9,4,43,10.8,0,62,912,14.7,9,13,19,235,12.4,2,1,5,5,0,20,240,12,2,DAMIAN,WILLIAMS,21,197,4.52,38,19,118,6.79,4.24,77,2010,73,235
2,132,1931,14.6,16,19,63,3.3,0,151,1994,13.2,16,Tiquan Underwood,Big East,SR,13,40,494,12.4,5,0,0,0,0,40,494,12.4,5,13,65,1100,16.9,7,0,0,0,0,65,1100,16.9,7,12,23,290,12.6,4,0,0,0,0,23,290,12.6,4,TIQUAN,UNDERWOOD,22,184,4.31,41.5,7,129,6.62,4.11,253,2009,73,25.1
75,170,2861,16.8,28,8,63,7.9,0,178,2924,16.4,28,Marvin McNutt,Big Ten,SR,13,82,1315,16,12,6,58,9.7,0,88,1373,15.6,12,13,53,861,16.2,8,1,5,5,0,54,866,16,8,13,34,674,19.8,8,0,0,0,0,34,674,19.8,8,MARVIN,MCNUTT,22,216,4.48,37,14.82580645,122,7.15,4.07,194,2012,75,0
168,92,1497,16.3,13,7,61,8.7,0,99,1558,15.7,13,Mario Alford,Big 12,SR,13,65,945,14.5,11,2,14,7,0,67,959,14.3,11,9,27,552,20.4,2,5,47,9.4,0,32,599,18.7,2,0,0,0,0,0,0,0,0,0,0,0,0,0,MARIO,ALFORD,23,180,4.43,34,13,121,6.64,4.07,238,2015,68,2.5
100,252,3117,12.4,24,19,59,3.1,0,271,3176,11.7,24,Ryan Swope,SEC,SR,13,72,913,12.7,8,1,-2,-2,0,73,911,12.5,8,13,89,1207,13.6,11,7,3,0.4,0,96,1210,12.6,11,13,72,825,11.5,4,11,58,5.3,0,83,883,10.6,4,RYAN,SWOPE,22,205,4.34,37,16,125,6.76,4.25,174,2013,72,0
54,103,1532,14.9,5,9,56,6.2,1,112,1588,14.2,6,Niles Paul,Big 12,SR,12,39,516,13.2,1,5,14,2.8,0,44,530,12,1,14,40,796,19.9,4,3,48,16,1,43,844,19.6,5,13,23,214,9.3,0,1,-6,-6,0,24,208,8.7,0,NILES,PAUL,21,224,4.45,34.5,24,117,6.9,4.14,155,2011,73,0
69,306,4187,13.7,32,4,56,14,0,310,4243,13.7,32,Jordan White,MAC,SR,13,140,1911,13.7,17,1,27,27,0,141,1938,13.7,17,12,94,1378,14.7,10,3,29,9.7,0,97,1407,14.5,10,9,53,681,12.8,4,0,0,0,0,53,681,12.8,4,JORDAN,WHITE,23,208,4.63,35,14,119,6.84,4.13,244,2012,72,2.3
178,174,2350,13.5,16,9,55,6.1,0,183,2405,13.1,16,Malcolm Mitchell,SEC,SR,13,58,865,14.9,5,0,0,0,0,58,865,14.9,5,8,31,248,8,3,0,0,0,0,31,248,8,3,13,40,572,14.3,4,5,17,3.4,0,45,589,13.1,4,MALCOLM,MITCHELL,23,198,4.45,36,15,129,6.94,4.34,112,2016,72,96.1
315,146,2037,14,17,14,53,3.8,1,160,2090,13.1,18,K.J. Osborn,ACC,SR,13,50,547,10.9,5,5,15,3,0,55,562,10.2,5,13,53,892,16.8,7,5,16,3.2,0,58,908,15.7,7,12,35,493,14.1,4,4,22,5.5,1,39,515,13.2,5,KJ,OSBORN,23,203,4.48,37.5,18,123,7,4.35,176,2020,71,0
153,149,2247,15.1,15,6,51,8.5,1,155,2298,14.8,16,Tony Lippett,Big Ten,SR,13,65,1198,18.4,11,2,51,25.5,1,67,1249,18.6,12,12,44,613,13.9,2,1,3,3,0,45,616,13.7,2,13,36,392,10.9,2,2,0,0,0,38,392,10.3,2,TONY,LIPPETT,22,192,4.61,36,10,114,6.92,4.13,156,2015,74,0
162,228,3463,15.2,31,6,51,8.5,0,234,3514,15,31,Amari Cooper,SEC,JR,14,124,1727,13.9,16,5,23,4.6,0,129,1750,13.6,16,11,45,736,16.4,4,1,28,28,0,46,764,16.6,4,14,59,1000,16.9,11,0,0,0,0,59,1000,16.9,11,AMARI,COOPER,20,211,4.42,33,14.82580645,120,6.71,3.98,4,2015,73,602
266,301,3949,13.1,39,10,50,5,0,311,3999,12.9,39,James Proche,American,SR,13,111,1225,11,15,4,18,4.5,0,115,1243,10.8,15,12,93,1199,12.9,12,2,17,8.5,0,95,1216,12.8,12,12,40,816,20.4,6,0,0,0,0,40,816,20.4,6,JAMES,PROCHE,23,201,4.49,34.5,20,125.1111111,7.27,4.4,201,2020,71,0
316,175,2159,12.3,16,6,47,7.8,0,181,2206,12.2,16,Van Jefferson,SEC,SR,12,49,657,13.4,6,1,7,7,0,50,664,13.3,6,11,35,503,14.4,6,0,0,0,0,35,503,14.4,6,10,42,456,10.9,1,0,0,0,0,42,456,10.9,1,VAN,JEFFERSON,23,200,4.49,37.10714286,15.5,125.1111111,7.116666667,4.35125,57,2020,73,0
290,93,1496,16.1,13,9,46,5.1,0,102,1542,15.1,13,Quintez Cephus,Big Ten,JR,14,59,901,15.3,7,0,0,0,0,59,901,15.3,7,10,30,501,16.7,6,4,5,1.3,0,34,506,14.9,6,6,4,94,23.5,0,5,41,8.2,0,9,135,15,0,QUINTEZ,CEPHUS,22,202,4.73,38.5,23,124,7.2,4.33,166,2020,73,0
89,165,2658,16.1,8,13,45,3.5,0,178,2703,15.2,8,Danny Coale,ACC,SR,14,60,904,15.1,3,4,26,6.5,0,64,930,14.5,3,14,39,732,18.8,3,1,-3,-3,0,40,729,18.2,3,13,30,614,20.5,2,2,8,4,0,32,622,19.4,2,DANNY,COALE,23,201,4.42,35,12,115,6.69,4.15,152,2012,72,0
108,123,1734,14.1,12,8,45,5.6,0,131,1779,13.6,12,Chris Harper,Big 12,SR,13,58,857,14.8,3,0,-7,0,0,58,850,14.7,3,13,40,547,13.7,5,3,5,1.7,0,43,552,12.8,5,13,25,330,13.2,4,5,47,9.4,0,30,377,12.6,4,CHRIS,HARPER,23,229,4.55,35.5,20,116,6.89,4.39,123,2013,73,0
9,181,2840,15.7,21,7,43,6.1,1,188,2883,15.3,22,Hakeem Nicks,ACC,JR,13,68,1222,18,12,5,34,6.8,1,73,1256,17.2,13,12,74,958,12.9,5,1,-1,-1,0,75,957,12.8,5,11,39,660,16.9,4,1,10,10,0,40,670,16.8,4,HAKEEM,NICKS,21,212,4.51,36,14.82580645,121.2294118,6.886183206,4.220289855,29,2009,73,645
285,234,3045,13,22,6,41,6.8,0,240,3086,12.9,22,Bryan Edwards,SEC,SR,10,71,816,11.5,6,2,22,11,0,73,838,11.5,6,13,55,846,15.4,7,0,0,0,0,55,846,15.4,7,13,64,793,12.4,5,4,19,4.8,0,68,812,11.9,5,BRYAN,EDWARDS,21,212,4.49,37.10714286,15.5,125.1111111,7.116666667,4.35125,81,2020,75,0
30,285,3791,13.3,34,9,40,4.4,0,294,3831,13,34,Emmanuel Sanders,CUSA,SR,13,98,1339,13.7,7,1,6,6,0,99,1345,13.6,7,10,67,958,14.3,9,0,0,0,0,67,958,14.3,9,12,74,889,12,9,6,28,4.7,0,80,917,11.5,9,EMMANUEL,SANDERS,22,186,4.4,39.5,12,126,6.64,4.1,82,2010,71,248
120,156,2412,15.5,21,9,38,4.2,0,165,2450,14.8,21,Paul Richardson,Pac-12,JR,12,83,1343,16.2,10,1,7,7,0,84,1350,16.1,10,9,39,555,14.2,5,2,24,12,0,41,579,14.1,5,12,34,514,15.1,6,6,7,1.2,0,40,521,13,6,PAUL,RICHARDSON,21,175,4.4,38,14.82580645,124,7.09,4.220289855,45,2014,72,123.4
35,175,2517,14.4,25,8,37,4.6,1,183,2554,14,26,Brandon LaFell,SEC,SR,13,57,792,13.9,11,5,13,2.6,0,62,805,13,11,13,63,929,14.7,8,2,6,3,0,65,935,14.4,8,14,50,656,13.1,4,1,18,18,1,51,674,13.2,5,BRANDON,LAFELL,23,211,4.58,36,14.82580645,115,6.81,4.23,78,2010,74,351.3
44,219,3240,14.8,31,4,37,9.3,1,223,3277,14.7,32,Dezmon Briscoe,Big 12,JR,11,84,1337,15.9,9,2,19,9.5,1,86,1356,15.8,10,13,92,1407,15.3,15,2,18,9,0,94,1425,15.2,15,13,43,496,11.5,7,0,0,0,0,43,496,11.5,7,DEZMON,BRISCOE,20,207,4.66,33,9,115,7.1,4.57,191,2010,74,135.3
103,183,2594,14.2,24,11,37,3.4,0,194,2631,13.6,24,Quinton Patton,WAC,SR,12,104,1392,13.4,13,1,-5,-5,0,105,1387,13.2,13,13,79,1202,15.2,11,10,42,4.2,0,89,1244,14,11,0,0,0,0,0,0,0,0,0,0,0,0,0,QUINTON,PATTON,22,204,4.53,33,8,118,6.91,4.01,128,2013,72,92.3
119,177,2479,14,17,6,36,6,0,183,2515,13.7,17,Allen Robinson,Big Ten,JR,12,97,1432,14.8,6,6,36,6,0,103,1468,14.3,6,12,77,1018,13.2,11,0,0,0,0,77,1018,13.2,11,11,3,29,9.7,0,0,0,0,0,3,29,9.7,0,ALLEN,ROBINSON,20,220,4.6,39,14.82580645,127,7,4,61,2014,75,620.1
281,135,2448,18.1,27,1,36,36,1,136,2484,18.3,28,Tee Higgins,ACC,JR,15,59,1167,19.8,13,1,36,36,1,60,1203,20.1,14,15,59,936,15.9,12,0,0,0,0,59,936,15.9,12,7,17,345,20.3,2,0,0,0,0,17,345,20.3,2,TEE,HIGGINS,21,216,4.49,37.10714286,15.5,125.1111111,7.116666667,4.35125,33,2020,76,0
13,158,2282,14.4,16,2,35,17.5,0,160,2317,14.5,16,Mohamed Massaquoi,SEC,SR,13,58,920,15.9,8,0,0,0,0,58,920,15.9,8,13,32,491,15.3,4,1,12,12,0,33,503,15.2,4,12,30,366,12.2,2,0,0,0,0,30,366,12.2,2,MOHAMED,MASSAQUOI,22,210,4.51,36.5,14.82580645,127,6.886183206,4.220289855,50,2009,73,292.66
12,207,2781,13.4,19,13,34,2.6,0,220,2815,12.8,19,Kenny McKinley,SEC,SR,10,54,642,11.9,4,2,2,1,0,56,644,11.5,4,12,77,968,12.6,9,5,15,3,0,82,983,12,9,13,51,880,17.3,5,1,0,0,0,52,880,16.9,5,KENNY,MCKINLEY,22,189,4.37,37,14.82580645,113,6.96,4.1,141,2009,72,0
64,209,3110,14.9,23,7,34,4.9,0,216,3144,14.6,23,Vincent Brown,MWC,SR,13,69,1352,19.6,10,1,-13,-13,0,70,1339,19.1,10,7,45,778,17.3,6,3,10,3.3,0,48,788,16.4,6,12,64,631,9.9,5,3,37,12.3,0,67,668,10,5,VINCENT,BROWN,22,187,4.68,33.5,12,121,6.64,4.25,82,2011,71,158.1
70,171,2447,14.3,18,6,34,5.7,0,177,2481,14,18,Nick Toon,Big Ten,SR,13,64,926,14.5,10,0,0,0,0,64,926,14.5,10,9,36,459,12.8,3,2,10,5,0,38,469,12.3,3,13,54,805,14.9,4,4,24,6,0,58,829,14.3,4,NICK,TOON,23,215,4.49,37.5,18,121.2294118,6.886183206,4.220289855,122,2012,74,53.7
286,176,2468,14,16,11,34,3.1,1,187,2502,13.4,17,Devin Duvernay,Big 12,SR,13,106,1386,13.1,9,10,24,2.4,1,116,1410,12.2,10,14,41,546,13.3,4,1,10,10,0,42,556,13.2,4,8,9,124,13.8,0,0,0,0,0,9,124,13.8,0,DEVIN,DUVERNAY,22,200,4.39,35.5,15.5,123,7.13,4.2,92,2020,70,0
138,84,1506,17.9,19,2,33,16.5,0,86,1539,17.9,19,Kelvin Benjamin,ACC,SO,14,54,1011,18.7,15,0,0,0,0,54,1011,18.7,15,14,30,495,16.5,4,2,33,16.5,0,32,528,16.5,4,0,0,0,0,0,0,0,0,0,0,0,0,0,KELVIN,BENJAMIN,23,240,4.61,32.5,13,119,7.33,4.39,28,2014,77,422.9
27,120,2339,19.5,15,4,32,8,0,124,2371,19.1,15,Demaryius Thomas,ACC,JR,14,46,1154,25.1,8,1,3,3,0,47,1157,24.6,8,12,39,627,16.1,3,2,29,14.5,0,41,656,16,3,13,35,558,15.9,4,1,0,0,0,36,558,15.5,4,DEMARYIUS,THOMAS,22,224,4.52,35.96571429,14.82580645,121.2294118,6.886183206,4.220289855,22,2010,75,461.4
86,271,3686,13.6,37,4,30,7.5,1,275,3716,13.5,38,Michael Floyd,Ind,SR,13,100,1147,11.5,9,2,13,6.5,1,102,1160,11.4,10,12,79,1025,13,12,1,9,9,0,80,1034,12.9,12,7,44,795,18.1,9,1,8,8,0,45,803,17.8,9,MICHAEL,FLOYD,22,220,4.4,36.5,16,122,6.886183206,4.220289855,13,2012,75,475.6
180,74,1432,19.4,9,3,30,10,0,77,1462,19,9,Kolby Listenbee,Big 12,SR,10,30,597,19.9,5,1,11,11,0,31,608,19.6,5,13,41,753,18.4,4,2,19,9.5,0,43,772,18,4,2,2,23,11.5,0,0,0,0,0,2,23,11.5,0,KOLBY,LISTENBEE,22,197,4.39,35.5,15,129,6.886183206,4.220289855,192,2016,72,0
277,165,2415,14.6,24,6,30,5,0,171,2445,14.3,24,Justin Jefferson,SEC,JR,15,111,1540,13.9,18,0,0,0,0,111,1540,13.9,18,13,54,875,16.2,6,5,26,5.2,0,59,901,15.3,6,2,0,0,0,0,1,4,4,0,1,4,4,0,JUSTIN,JEFFERSON,20,202,4.43,37.5,15.5,126,7.116666667,4.35125,22,2020,73,0
270,154,2572,16.7,19,5,28,5.6,0,159,2600,16.4,19,Darnell Mooney,American,SR,13,48,713,14.9,5,0,0,0,0,48,713,14.9,5,13,48,993,20.7,8,1,6,6,0,49,999,20.4,8,11,34,599,17.6,4,0,0,0,0,34,599,17.6,4,DARNELL,MOONEY,22,176,4.38,37,9,124,7.116666667,4.35125,173,2020,70,0
261,68,996,14.6,15,4,27,6.8,0,72,1023,14.2,15,Freddie Swain,SEC,SR,12,38,517,13.6,7,4,27,6.8,0,42,544,13,7,11,14,265,18.9,5,0,0,0,0,14,265,18.9,5,8,8,96,12,1,0,0,0,0,8,96,12,1,FREDDIE,SWAIN,22,197,4.46,36.5,16,124,7.05,4.26,214,2020,72,0
36,204,3003,14.7,25,7,26,3.7,1,211,3029,14.4,26,Mardy Gilyard,Big East,SR,13,87,1191,13.7,11,5,16,3.2,1,92,1207,13.1,12,14,81,1276,15.8,11,2,10,5,0,83,1286,15.5,11,13,36,536,14.9,3,0,0,0,0,36,536,14.9,3,MARDY,GILYARD,23,187,4.61,39,14.82580645,116,6.92,4.4,99,2010,72,13.8
177,119,2301,19.3,26,4,26,6.5,0,123,2327,18.9,26,Chris Moore,American,SR,11,40,870,21.8,7,2,10,5,0,42,880,21,7,11,30,673,22.4,8,0,0,0,0,30,673,22.4,8,13,45,645,14.3,9,2,16,8,0,47,661,14.1,9,CHRIS,MOORE,22,206,4.53,37,10,130,6.76,4.2,107,2016,73,119.7
15,119,1710,14.4,17,5,25,5,0,124,1735,14,17,Manuel Johnson,Big 12,SR,13,42,714,17,9,2,4,2,0,44,718,16.3,9,14,31,448,14.5,4,0,0,0,0,31,448,14.5,4,12,36,378,10.5,3,2,13,6.5,0,38,391,10.3,3,MANUEL,JOHNSON,22,189,4.5,35.96571429,14.82580645,121.2294118,6.886183206,4.220289855,229,2009,71,1.6
79,167,2432,14.6,19,6,25,4.2,0,173,2457,14.2,19,A.J. Jenkins,Big Ten,SR,13,90,1276,14.2,8,5,26,5.2,0,95,1302,13.7,8,13,56,746,13.3,7,0,0,0,0,56,746,13.3,7,8,10,123,12.3,1,1,-1,-1,0,11,122,11.1,1,AJ,JENKINS,22,190,4.37,38.5,12,124,6.886183206,4.220289855,30,2012,72,39.7
33,105,1648,15.7,9,5,24,4.8,0,110,1672,15.2,9,Carlton Mitchell,Big East,JR,11,40,706,17.7,4,0,0,0,0,40,706,17.7,4,13,28,405,14.5,1,1,7,7,0,29,412,14.2,1,13,37,537,14.5,4,4,17,4.3,0,41,554,13.5,4,CARLTON,MITCHELL,21,215,4.46,36,16,122,6.96,4.55,177,2010,75,7
101,204,2594,12.7,24,3,23,7.7,0,207,2617,12.6,24,Kenny Stills,Big 12,JR,13,82,959,11.7,11,2,22,11,0,84,981,11.7,11,11,61,849,13.9,8,1,1,1,0,62,850,13.7,8,14,61,786,12.9,5,0,0,0,0,61,786,12.9,5,KENNY,STILLS,20,194,4.38,33.5,16,124,6.886183206,4.35,144,2013,72,390
157,126,1715,13.6,15,8,23,2.9,0,134,1738,13,15,Devin Funchess,Big Ten,JR,11,62,733,11.8,4,2,-11,-5.5,0,64,722,11.3,4,13,49,748,15.3,6,6,34,5.7,0,55,782,14.2,6,13,15,234,15.6,5,0,0,0,0,15,234,15.6,5,DEVIN,FUNCHESS,20,232,4.7,38.5,17,122,6.886183206,4.220289855,41,2015,76,387.4
182,238,3648,15.3,31,2,21,10.5,0,240,3669,15.3,31,Rashard Higgins,MWC,JR,12,74,1061,14.3,8,2,21,10.5,0,76,1082,14.2,8,12,96,1750,18.2,17,0,0,0,0,96,1750,18.2,17,14,68,837,12.3,6,0,0,0,0,68,837,12.3,6,RASHARD,HIGGINS,21,196,4.64,32,13,116,6.886183206,4.220289855,172,2016,73,200.5
272,173,3292,19,32,9,20,2.2,1,182,3312,18.2,33,CeeDee Lamb,Big 12,JR,13,62,1327,21.4,14,9,20,2.2,1,71,1347,19,15,14,65,1158,17.8,11,0,0,0,0,65,1158,17.8,11,13,46,807,17.5,7,0,0,0,0,46,807,17.5,7,CEEDEE,LAMB,20,198,4.5,34.5,11,124,7.116666667,4.35125,17,2020,74,0
10,77,1245,16.2,13,3,19,6.3,0,80,1264,15.8,13,Louis Murphy,SEC,SR,14,38,655,17.2,7,2,7,3.5,0,40,662,16.6,7,13,37,548,14.8,5,1,12,12,0,38,560,14.7,5,12,2,42,21,1,0,0,0,0,2,42,21,1,LOUIS,MURPHY,21,203,4.32,35.96571429,12,121.2294118,6.886183206,4.220289855,124,2009,74,281.4
19,182,2756,15.1,17,10,19,1.9,0,192,2775,14.5,17,Brandon Gibson,Pac-10,SR,13,57,673,11.8,2,10,19,1.9,0,67,692,10.3,2,11,67,1180,17.6,9,0,0,0,0,67,1180,17.6,9,12,49,731,14.9,4,0,0,0,0,49,731,14.9,4,BRANDON,GIBSON,21,210,4.59,35.96571429,14.82580645,121.2294118,6.886183206,4.220289855,194,2009,72,289.3
31,106,1615,15.2,11,5,19,3.8,1,111,1634,14.7,12,David Reed,MWC,SR,13,81,1188,14.7,5,4,4,1,0,85,1192,14,5,13,25,427,17.1,6,1,15,15,1,26,442,17,7,0,0,0,0,0,0,0,0,0,0,0,0,0,DAVID,REED,22,191,4.56,37,15,114,6.95,4.38,156,2010,72,13.1
112,165,2398,14.5,24,3,19,6.3,0,168,2417,14.4,24,Aaron Dobson,CUSA,SR,10,57,679,11.9,3,0,0,0,0,57,679,11.9,3,13,49,668,13.6,12,1,1,1,0,50,669,13.4,12,12,44,689,15.7,5,2,18,9,0,46,707,15.4,5,AARON,DOBSON,21,210,4.37,35.96571429,14.82580645,121.2294118,6.886183206,4.220289855,59,2013,75,146.8
156,87,1278,14.7,17,6,19,3.2,0,93,1297,13.9,17,Dorial Green-Beckham,SEC,SO,14,59,883,15,12,1,3,3,0,60,886,14.8,12,11,28,395,14.1,5,5,16,3.2,0,33,411,12.5,5,0,0,0,0,0,0,0,0,0,0,0,0,0,DORIAL,GREEN-BECKHAM,21,237,4.49,33.5,13,119,6.89,4.45,40,2015,77,200.1
169,178,2572,14.4,20,7,18,2.6,0,185,2590,14,20,Nelson Agholor,Pac-12,JR,13,104,1313,12.6,12,4,3,0.8,0,108,1316,12.2,12,14,56,918,16.4,6,2,8,4,0,58,926,16,6,13,18,341,18.9,2,1,7,7,0,19,348,18.3,2,NELSON,AGHOLOR,21,198,4.42,35.96571429,12,121.2294118,6.886183206,4.220289855,20,2015,72,336.7
98,202,3334,16.5,27,3,17,5.7,0,205,3351,16.3,27,Terrance Williams,Big 12,SR,13,97,1832,18.9,12,2,14,7,0,99,1846,18.6,12,13,59,957,16.2,11,0,0,0,0,59,957,16.2,11,13,43,484,11.3,4,1,3,3,0,44,487,11.1,4,TERRANCE,WILLIAMS,23,208,4.52,32.5,11,119,7.01,4.32,74,2013,74,447.1
137,61,1354,22.2,13,1,17,17,0,62,1371,22.1,13,Martavis Bryant,ACC,JR,13,42,828,19.7,7,0,0,0,0,42,828,19.7,7,10,10,305,30.5,4,1,17,17,0,11,322,29.3,4,14,9,221,24.6,2,0,0,0,0,9,221,24.6,2,MARTAVIS,BRYANT,22,211,4.42,39,16,124,7.18,4.15,118,2014,76,300.3
42,147,2425,16.5,29,2,16,8,0,149,2441,16.4,29,Dez Bryant,Big 12,JR,3,17,323,19,4,0,0,0,0,17,323,19,4,13,87,1480,17,19,0,0,0,0,87,1480,17,19,12,43,622,14.5,6,2,16,8,0,45,638,14.2,6,DEZ,BRYANT,21,225,4.52,35.96571429,14.82580645,121.2294118,6.886183206,4.220289855,24,2010,74,643.1
181,143,1706,11.9,27,2,15,7.5,0,145,1721,11.9,27,Kenny Lawler,Pac-12,JR,12,52,658,12.7,13,2,15,7.5,0,54,673,12.5,13,11,54,701,13,9,0,0,0,0,54,701,13,9,11,37,347,9.4,5,0,0,0,0,37,347,9.4,5,KENNY,LAWLER,21,203,4.64,31,14.82580645,111,7.13,4.2,243,2016,74,0
41,81,1496,18.5,18,1,14,14,0,82,1510,18.4,18,Riley Cooper,SEC,SR,14,51,961,18.8,9,1,14,14,0,52,975,18.8,9,14,18,261,14.5,3,0,0,0,0,18,261,14.5,3,10,8,182,22.8,3,0,0,0,0,8,182,22.8,3,RILEY,COOPER,22,222,4.53,33,14.82580645,114,6.886183206,4.220289855,159,2010,75,143.9
74,136,1955,14.4,18,3,13,4.3,0,139,1968,14.2,18,DeVier Posey,Big Ten,SR,4,12,162,13.5,2,1,-6,-6,0,13,156,12,2,13,53,848,16,7,0,0,0,0,53,848,16,7,13,60,828,13.8,8,2,19,9.5,0,62,847,13.7,8,DEVIER,POSEY,21,211,4.39,36.5,14,123,7.03,4.15,68,2012,74,48.9
114,210,3218,15.3,41,2,13,6.5,0,212,3231,15.2,41,Stedman Bailey,Big 12,JR,13,114,1622,14.2,25,2,13,6.5,0,116,1635,14.1,25,13,72,1279,17.8,12,0,0,0,0,72,1279,17.8,12,13,24,317,13.2,4,0,0,0,0,24,317,13.2,4,STEDMAN,BAILEY,22,193,4.52,34.5,11,117,6.81,4.09,92,2013,70,165.9
260,159,2404,15.1,17,5,12,2.4,0,164,2416,14.7,17,Quez Watkins,CUSA,JR,12,64,1178,18.4,6,1,1,1,0,65,1179,18.1,6,11,72,889,12.3,9,4,11,2.8,0,76,900,11.8,9,11,23,337,14.7,2,0,0,0,0,23,337,14.7,2,QUEZ,WATKINS,22,185,4.35,36.5,15.5,125,7.28,4.36,200,2020,72,0
39,53,997,18.8,8,1,11,11,0,54,1008,18.7,8,Marcus Easley,Big East,SR,13,48,893,18.6,8,1,11,11,0,49,904,18.4,8,11,4,94,23.5,0,0,0,0,0,4,94,23.5,0,10,1,10,10,0,0,0,0,0,1,10,10,0,MARCUS,EASLEY,22,210,4.39,34,16,123,6.94,4.6,107,2010,75,0
173,277,3486,12.6,16,4,11,2.8,0,281,3497,12.4,16,Tajae Sharpe,MAC,SR,12,111,1319,11.9,5,1,-3,-3,0,112,1316,11.8,5,12,85,1281,15.1,7,3,14,4.7,0,88,1295,14.7,7,12,61,680,11.1,4,0,0,0,0,61,680,11.1,4,TAJAE,SHARPE,21,194,4.55,33.5,11,114,6.886183206,4.220289855,140,2016,74,0
68,168,2934,17.5,24,2,10,5,0,170,2944,17.3,24,Jarius Wright,SEC,SR,12,66,1117,16.9,12,0,0,0,0,66,1117,16.9,12,13,42,788,18.8,5,1,9,9,0,43,797,18.5,5,13,41,681,16.6,5,0,0,0,0,41,681,16.6,5,JARIUS,WRIGHT,22,182,4.39,38,11,120,6.93,4.03,118,2012,70,273.4
97,189,3207,17,23,3,10,3.3,0,192,3217,16.8,23,Marquess Wilson,Pac-12,JR,9,52,813,15.6,5,0,0,0,0,52,813,15.6,5,12,82,1388,16.9,12,3,10,3.3,0,85,1398,16.4,12,12,55,1006,18.3,6,0,0,0,0,55,1006,18.3,6,MARQUESS,WILSON,20,194,4.51,34.5,7,122,6.65,4.33,236,2013,75,120.7
111,45,834,18.5,6,1,10,10,0,46,844,18.3,6,Corey Fuller,ACC,SR,13,43,815,19,6,1,10,10,0,44,825,18.8,6,7,2,19,9.5,0,0,0,0,0,2,19,9.5,0,0,0,0,0,0,0,0,0,0,0,0,0,0,COREY,FULLER,22,204,4.43,31.5,12,120,6.886183206,4.220289855,171,2013,74,47.8
49,146,2242,15.4,18,8,9,1.1,0,154,2251,14.6,18,DeMarco Sampson,MWC,SR,13,67,1220,18.2,8,4,11,2.8,0,71,1231,17.3,8,12,62,851,13.7,8,4,-2,-0.5,0,66,849,12.9,8,11,11,111,10.1,1,0,0,0,0,11,111,10.1,1,DEMARCO,SAMPSON,25,204,4.41,35.96571429,14,121.2294118,6.886183206,4.220289855,249,2011,74,6.6
83,88,1638,18.6,11,5,9,1.8,0,93,1647,17.7,11,Junior Hemingway,Big Ten,SR,13,34,699,20.6,4,0,0,0,0,34,699,20.6,4,10,32,593,18.5,4,0,0,0,0,32,593,18.5,4,10,16,268,16.8,2,0,0,0,0,16,268,16.8,2,JUNIOR,HEMINGWAY,23,225,4.48,35.5,21,124,6.59,3.98,238,2012,73,58.3
267,171,2519,14.7,19,1,9,9,0,172,2528,14.7,19,Michael Pittman,Pac-12,SR,13,101,1275,12.6,11,0,0,0,0,101,1275,12.6,11,10,41,758,18.5,6,1,9,9,0,42,767,18.3,6,9,23,404,17.6,2,0,0,0,0,23,404,17.6,2,MICHAEL,PITTMAN,22,223,4.52,36.5,13,121,6.96,4.14,34,2020,76,0
183,144,2512,17.4,30,2,8,4,0,146,2520,17.3,30,Will Fuller,Ind,JR,13,62,1258,20.3,14,0,0,0,0,62,1258,20.3,14,13,76,1094,14.4,15,0,0,0,0,76,1094,14.4,15,6,6,160,26.7,1,2,8,4,0,8,168,21,1,WILL,FULLER,21,186,4.32,33.5,10,126,6.93,4.27,21,2016,72,341.7
113,161,2535,15.7,22,4,7,1.8,1,165,2542,15.4,23,Josh Boyce,Big 12,JR,13,66,891,13.5,7,3,6,2,1,69,897,13,8,13,61,998,16.4,9,1,1,1,0,62,999,16.1,9,13,34,646,19,6,0,0,0,0,34,646,19,6,JOSH,BOYCE,21,206,4.38,34,22,131,6.68,4.1,102,2013,71,21.1
154,387,4541,11.7,35,1,7,7,1,388,4548,11.7,36,Justin Hardy,American,SR,13,121,1494,12.3,10,1,7,7,1,122,1501,12.3,11,13,114,1284,11.3,8,0,0,0,0,114,1284,11.3,8,13,88,1105,12.6,11,0,0,0,0,88,1105,12.6,11,JUSTIN,HARDY,23,192,4.56,36.5,11,114,6.63,4.21,107,2015,70,165.8
203,214,3177,14.8,34,2,7,3.5,0,216,3184,14.7,34,Josh Doctson,Big 12,SR,10,78,1326,17,14,2,7,3.5,0,80,1333,16.7,14,13,65,1018,15.7,11,0,0,0,0,65,1018,15.7,11,10,36,440,12.2,4,0,0,0,0,36,440,12.2,4,JOSH,DOCTSON,23,202,4.5,41,14,131,6.84,4.08,22,2016,74,237.6
174,105,1353,12.9,9,3,6,2,0,108,1359,12.6,9,Demarcus Robinson,SEC,JR,12,47,520,11.1,2,2,3,1.5,0,49,523,10.7,2,11,53,810,15.3,7,1,3,3,0,54,813,15.1,7,4,5,23,4.6,0,0,0,0,0,5,23,4.6,0,DEMARCUS,ROBINSON,21,203,4.59,34.5,14.82580645,123,6.77,4.19,126,2016,73,117
202,133,1956,14.7,14,2,6,3,0,135,1962,14.5,14,Shaquelle Evans,Pac-12,SR,13,47,709,15.1,9,0,0,0,0,47,709,15.1,9,14,60,877,14.6,3,2,6,3,0,62,883,14.2,3,13,19,309,16.3,2,0,0,0,0,19,309,16.3,2,SHAQUELLE,EVANS,23,213,4.51,34.5,13,122,7.07,4.21,115,2014,73,0
288,79,1271,16.1,8,2,6,3,0,81,1277,15.8,8,Tyrie Cleveland,SEC,SR,12,25,351,14,1,0,0,0,0,25,351,14,1,11,18,212,11.8,3,0,0,0,0,18,212,11.8,3,9,22,410,18.6,2,2,6,3,0,24,416,17.3,2,TYRIE,CLEVELAND,22,209,4.46,39.5,13,126,7.116666667,4.35125,252,2020,74,0
289,150,2159,14.4,19,3,6,2,0,153,2165,14.2,19,Chase Claypool,Ind,SR,13,66,1037,15.7,13,0,0,0,0,66,1037,15.7,13,13,50,639,12.8,4,0,0,0,0,50,639,12.8,4,11,29,402,13.9,2,2,-3,-1.5,0,31,399,12.9,2,CHASE,CLAYPOOL,21,238,4.42,40.5,19,126,7.116666667,4.35125,49,2020,76,0
291,98,1666,17,11,1,6,6,0,99,1672,16.9,11,Brandon Aiyuk,Pac-12,SR,12,65,1192,18.3,8,1,6,6,0,66,1198,18.2,8,13,33,474,14.4,3,0,0,0,0,33,474,14.4,3,0,0,0,0,0,0,0,0,0,0,0,0,0,BRANDON,AIYUK,21,205,4.5,40,11,128,7.116666667,4.35125,25,2020,72,0
105,136,2602,19.1,21,3,5,1.7,0,139,2607,18.8,21,Tavarres King,SEC,SR,14,42,950,22.6,9,1,0,0,0,43,950,22.1,9,14,47,705,15,8,2,5,2.5,0,49,710,14.5,8,12,27,504,18.7,3,0,0,0,0,27,504,18.7,3,TAVARRES,KING,22,189,4.47,36.5,11,123,6.91,4.33,161,2013,72,3.3
165,43,523,12.2,4,4,4,1,0,47,527,11.2,4,Kaelin Clay,Pac-12,SR,13,43,523,12.2,4,4,4,1,0,47,527,11.2,4,0,0,0,0,0,0,0,0,0,0,0,0,0,0,0,0,0,0,0,0,0,0,0,0,0,0,KAELIN,CLAY,23,195,4.51,33,10,113,6.97,4.26,184,2015,70,15.2
126,135,2042,15.1,17,2,3,1.5,0,137,2045,14.9,17,Cody Latimer,Big Ten,JR,12,72,1096,15.2,9,0,0,0,0,72,1096,15.2,9,12,51,805,15.8,6,0,0,0,0,51,805,15.8,6,8,12,141,11.8,2,2,3,1.5,0,14,144,10.3,2,CODY,LATIMER,21,215,4.52,35.96571429,23,121.2294118,6.886183206,4.220289855,56,2014,74,37.9
130,196,2769,14.1,21,5,3,0.6,0,201,2772,13.8,21,Ryan Grant,CUSA,SR,13,77,1039,13.5,9,0,0,0,0,77,1039,13.5,9,12,76,1149,15.1,6,0,0,0,0,76,1149,15.1,6,1,1,27,27,1,0,0,0,0,1,27,27,1,RYAN,GRANT,23,199,4.64,35.5,8,119,6.68,4.11,142,2014,72,92.2
204,109,1672,15.3,12,4,3,0.8,0,113,1675,14.8,12,Trevor Davis,Pac-12,SR,13,40,672,16.8,2,3,4,1.3,0,43,676,15.7,2,9,24,399,16.6,5,0,0,0,0,24,399,16.6,5,8,17,235,13.8,2,1,-1,-1,0,18,234,13,2,TREVOR,DAVIS,22,188,4.42,38.5,11,124,6.6,4.22,163,2016,73,22.7
145,121,2503,20.7,30,1,2,2,0,122,2505,20.5,30,Devin Smith,Big Ten,SR,14,33,931,28.2,12,0,0,0,0,33,931,28.2,12,14,44,660,15,8,0,0,0,0,44,660,15,8,12,30,618,20.6,6,1,2,2,0,31,620,20,6,DEVIN,SMITH,23,196,4.42,39,10,122,6.886183206,4.15,37,2015,72,27.5
158,121,2132,17.6,17,7,2,0.3,0,128,2134,16.7,17,Phillip Dorsett,ACC,SR,12,36,871,24.2,10,2,-6,-3,0,38,865,22.8,10,7,13,272,20.9,2,0,0,0,0,13,272,20.9,2,12,58,842,14.5,4,5,8,1.6,0,63,850,13.5,4,PHILLIP,DORSETT,22,185,4.33,37,13,122,6.7,4.11,29,2015,70,177.1
22,231,3127,13.5,41,2,1,0.5,0,233,3128,13.4,41,Michael Crabtree,Big 12,SO,13,97,1165,12,19,2,1,0.5,0,99,1166,11.8,19,13,134,1962,14.6,22,0,0,0,0,134,1962,14.6,22,0,0,0,0,0,0,0,0,0,0,0,0,0,MICHAEL,CRABTREE,21,215,4.54,35.96571429,14.82580645,121.2294118,6.886183206,4.220289855,10,2009,73,470.6
275,159,2742,17.2,26,1,1,1,0,160,2743,17.1,26,Jerry Jeudy,SEC,JR,13,77,1163,15.1,10,1,1,1,0,78,1164,14.9,10,15,68,1315,19.3,14,0,0,0,0,68,1315,19.3,14,8,14,264,18.9,2,0,0,0,0,14,264,18.9,2,JERRY,JEUDY,20,193,4.45,35,15.5,120,7.116666667,4.53,15,2020,73,0
3,138,1752,12.7,17,0,0,0,0,138,1752,12.7,17,Patrick Turner,Pac-10,SR,13,49,741,15.1,10,0,0,0,0,49,741,15.1,10,11,48,569,11.9,3,0,0,0,0,48,569,11.9,3,13,29,272,9.4,2,0,0,0,0,29,272,9.4,2,PATRICK,TURNER,21,223,4.59,35.96571429,14.82580645,121.2294118,6.886183206,4.220289855,87,2009,77,28.2
7,72,1134,15.8,11,0,0,0,0,72,1134,15.8,11,Demetrius Byrd,SEC,SR,13,37,513,13.9,4,0,0,0,0,37,513,13.9,4,14,35,621,17.7,7,0,0,0,0,35,621,17.7,7,0,0,0,0,0,0,0,0,0,0,0,0,0,DEMETRIUS,BYRD,22,199,4.35,31.5,14.82580645,117,6.886183206,4.220289855,224,2009,72,0
8,127,1866,14.7,24,0,0,0,0,127,1866,14.7,24,Brian Robiskie,Big Ten,SR,13,42,535,12.7,8,0,0,0,0,42,535,12.7,8,13,55,935,17,11,0,0,0,0,55,935,17,11,13,29,383,13.2,5,0,0,0,0,29,383,13.2,5,BRIAN,ROBISKIE,21,209,4.46,37.5,14.82580645,121.2294118,6.72,4.19,36,2009,75,102.5
37,116,1555,13.4,4,0,0,0,0,116,1555,13.4,4,David Gettis,Big 12,SR,12,52,675,13,3,0,0,0,0,52,675,13,3,12,29,391,13.5,0,0,0,0,0,29,391,13.5,0,12,31,407,13.1,0,0,0,0,0,31,407,13.1,0,DAVID,GETTIS,22,217,4.43,34.5,15,124,6.94,4.41,198,2010,75,106
47,140,1884,13.5,7,0,0,0,0,140,1884,13.5,7,Ryan Whalen,Pac-10,SR,11,41,439,10.7,2,0,0,0,0,41,439,10.7,2,13,57,926,16.2,4,0,0,0,0,57,926,16.2,4,12,41,508,12.4,1,0,0,0,0,41,508,12.4,1,RYAN,WHALEN,21,202,4.53,38.5,18,123,6.67,4.09,167,2011,73,19
50,285,4345,15.2,26,0,0,0,0,285,4345,15.2,26,Greg Salas,WAC,SR,14,119,1889,15.9,14,0,0,0,0,119,1889,15.9,14,13,106,1590,15,8,0,0,0,0,106,1590,15,8,14,57,831,14.6,3,0,0,0,0,57,831,14.6,3,GREG,SALAS,22,210,4.53,37,15,120,6.65,4.1,112,2011,73,74.5
51,181,3314,18.3,30,0,0,0,0,181,3314,18.3,30,Aldrick Robinson,CUSA,SR,14,65,1301,20,14,0,0,0,0,65,1301,20,14,13,47,800,17,5,0,0,0,0,47,800,17,5,10,59,1047,17.7,11,0,0,0,0,59,1047,17.7,11,ALDRICK,ROBINSON,22,184,4.35,40,17,126,6.65,4.09,178,2011,70,120.2
61,134,2160,16.1,22,0,0,0,0,134,2160,16.1,22,Leonard Hankerson,ACC,SR,13,72,1156,16.1,13,0,0,0,0,72,1156,16.1,13,13,45,801,17.8,6,0,0,0,0,45,801,17.8,6,8,11,140,12.7,2,0,0,0,0,11,140,12.7,2,LEONARD,HANKERSON,22,209,4.4,36,14,117,6.94,4.21,79,2011,73,227.6
71,52,967,18.6,9,0,0,0,0,52,967,18.6,9,Tommy Streeter,ACC,JR,12,46,811,17.6,8,0,0,0,0,46,811,17.6,8,8,1,42,42,1,0,0,0,0,1,42,42,1,10,5,114,22.8,0,0,0,0,0,5,114,22.8,0,TOMMY,STREETER,22,219,4.37,33,17,125,7.08,4.220289855,198,2012,77,0
73,97,1634,16.8,13,0,0,0,0,97,1634,16.8,13,Rueben Randle,SEC,JR,14,53,917,17.3,8,0,0,0,0,53,917,17.3,8,13,33,544,16.5,3,0,0,0,0,33,544,16.5,3,13,11,173,15.7,2,0,0,0,0,11,173,15.7,2,RUEBEN,RANDLE,20,210,4.55,31,15,121,6.99,4.36,63,2012,75,385.7
80,183,3042,16.6,23,0,0,0,0,183,3042,16.6,23,Alshon Jeffery,SEC,JR,13,49,762,15.6,8,0,0,0,0,49,762,15.6,8,14,88,1517,17.2,9,0,0,0,0,88,1517,17.2,9,13,46,763,16.6,6,0,0,0,0,46,763,16.6,6,ALSHON,JEFFERY,22,216,4.48,35.96571429,14.82580645,121.2294118,6.886183206,4.220289855,45,2012,75,623.9
90,133,2066,15.5,15,0,0,0,0,133,2066,15.5,15,Greg Childs,SEC,SR,11,21,240,11.4,0,0,0,0,0,21,240,11.4,0,8,46,659,14.3,6,0,0,0,0,46,659,14.3,6,13,48,894,18.6,7,0,0,0,0,48,894,18.6,7,GREG,CHILDS,21,219,4.52,36.5,19,125,6.886183206,4.220289855,134,2012,75,0
106,106,1812,17.1,18,0,0,0,0,106,1812,17.1,18,Justin Hunter,SEC,JR,12,73,1083,14.8,9,0,0,0,0,73,1083,14.8,9,3,17,314,18.5,2,0,0,0,0,17,314,18.5,2,13,16,415,25.9,7,0,0,0,0,16,415,25.9,7,JUSTIN,HUNTER,21,196,4.44,39.5,14.82580645,136,6.886183206,4.33,34,2013,76,227.6
107,206,3020,14.7,27,0,0,0,0,206,3020,14.7,27,DeAndre Hopkins,ACC,JR,13,82,1405,17.1,18,0,0,0,0,82,1405,17.1,18,14,72,978,13.6,5,0,0,0,0,72,978,13.6,5,12,52,637,12.3,4,0,0,0,0,52,637,12.3,4,DEANDRE,HOPKINS,20,214,4.57,36,15,115,6.886183206,4.5,27,2013,73,704.3
122,81,1275,15.7,12,0,0,0,0,81,1275,15.7,12,Kevin Norwood,SEC,SR,12,38,568,14.9,7,0,0,0,0,38,568,14.9,7,13,29,461,15.9,4,0,0,0,0,29,461,15.9,4,11,11,190,17.3,0,0,0,0,0,11,190,17.3,0,KEVIN,NORWOOD,24,198,4.48,33,8,121,6.68,4.32,123,2014,74,19.2
123,156,2371,15.2,20,0,0,0,0,156,2371,15.2,20,Donte Moncrief,SEC,JR,13,59,938,15.9,6,0,0,0,0,59,938,15.9,6,13,66,979,14.8,10,0,0,0,0,66,979,14.8,10,12,31,454,14.6,4,0,0,0,0,31,454,14.6,4,DONTE,MONCRIEF,20,221,4.4,39.5,13,132,7.02,4.3,90,2014,74,372
127,137,1809,13.2,15,0,0,0,0,137,1809,13.2,15,Jarvis Landry,SEC,JR,13,77,1193,15.5,10,0,0,0,0,77,1193,15.5,10,13,56,573,10.2,5,0,0,0,0,56,573,10.2,5,14,4,43,10.8,0,0,0,0,0,4,43,10.8,0,JARVIS,LANDRY,21,205,4.65,28.5,12,110,6.886183206,4.220289855,63,2014,71,682.06
132,151,2499,16.5,17,0,0,0,0,151,2499,16.5,17,Mike Evans,SEC,SO,13,69,1394,20.2,12,0,0,0,0,69,1394,20.2,12,13,82,1105,13.5,5,0,0,0,0,82,1105,13.5,5,0,0,0,0,0,0,0,0,0,0,0,0,0,MIKE,EVANS,20,231,4.53,37,12,121.2294118,7.08,4.26,7,2014,77,759.8
140,233,3031,13,38,0,0,0,0,233,3031,13,38,Davante Adams,MWC,SO,13,131,1719,13.1,24,0,0,0,0,131,1719,13.1,24,13,102,1312,12.9,14,0,0,0,0,102,1312,12.9,14,0,0,0,0,0,0,0,0,0,0,0,0,0,DAVANTE,ADAMS,21,212,4.56,39.5,14,123,6.82,4.3,53,2014,73,453.6
142,144,1954,13.6,15,0,0,0,0,144,1954,13.6,15,Kevin White,Big 12,SR,13,109,1447,13.3,10,0,0,0,0,109,1447,13.3,10,10,35,507,14.5,5,0,0,0,0,35,507,14.5,5,0,0,0,0,0,0,0,0,0,0,0,0,0,KEVIN,WHITE,22,215,4.35,36.5,23,123,6.92,4.14,7,2015,75,41.2
143,51,971,19,9,0,0,0,0,51,971,19,9,Darren Waller,ACC,SR,10,26,442,17,6,0,0,0,0,26,442,17,6,9,17,367,21.6,3,0,0,0,0,17,367,21.6,3,14,8,162,20.3,0,0,0,0,0,8,162,20.3,0,DARREN,WALLER,22,238,4.46,37,12,125,7.07,4.25,204,2015,78,0
144,157,2287,14.6,17,0,0,0,0,157,2287,14.6,17,Jaelen Strong,Pac-12,JR,12,82,1165,14.2,10,0,0,0,0,82,1165,14.2,10,14,75,1122,15,7,0,0,0,0,75,1122,15,7,0,0,0,0,0,0,0,0,0,0,0,0,0,JAELEN,STRONG,21,217,4.44,42,14.82580645,123,6.886183206,4.220289855,70,2015,74,88
147,115,2243,19.5,16,1,0,0,0,116,2243,19.3,16,Breshad Perriman,American,JR,13,50,1044,20.9,9,1,0,0,0,51,1044,20.5,9,12,39,811,20.8,4,0,0,0,0,39,811,20.8,4,14,26,388,14.9,3,0,0,0,0,26,388,14.9,3,BRESHAD,PERRIMAN,21,212,4.47504902,35.96571429,14.82580645,121.2294118,6.886183206,4.220289855,26,2015,74,118.8
148,156,2775,17.8,33,0,0,0,0,156,2775,17.8,33,DeVante Parker,ACC,SR,6,43,855,19.9,5,0,0,0,0,43,855,19.9,5,12,55,885,16.1,12,0,0,0,0,55,885,16.1,12,13,40,744,18.6,10,0,0,0,0,40,744,18.6,10,DEVANTE,PARKER,22,209,4.45,36.5,17,125,6.886183206,4.220289855,14,2015,75,382.3
151,148,2022,13.7,16,0,0,0,0,148,2022,13.7,16,Vince Mayle,Pac-12,SR,12,106,1483,14,9,0,0,0,0,106,1483,14,9,11,42,539,12.8,7,0,0,0,0,42,539,12.8,7,0,0,0,0,0,0,0,0,0,0,0,0,0,VINCE,MAYLE,23,224,4.67,35.5,14.82580645,117,6.93,4.13,123,2015,74,6.2
160,165,2292,13.9,7,0,0,0,0,165,2292,13.9,7,Geremy Davis,American,SR,10,44,521,11.8,3,0,0,0,0,44,521,11.8,3,12,71,1085,15.3,3,0,0,0,0,71,1085,15.3,3,12,44,613,13.9,1,0,0,0,0,44,613,13.9,1,GEREMY,DAVIS,23,216,4.49,36.5,23,124,6.86,4.18,186,2015,74,4.1
163,117,1938,16.6,20,0,0,0,0,117,1938,16.6,20,Chris Conley,SEC,SR,13,36,657,18.3,8,0,0,0,0,36,657,18.3,8,11,45,651,14.5,4,0,0,0,0,45,651,14.5,4,14,20,342,17.1,6,0,0,0,0,20,342,17.1,6,CHRIS,CONLEY,22,213,4.35,45,18,139,7.06,4.3,76,2015,74,168.4
164,82,1757,21.4,13,0,0,0,0,82,1757,21.4,13,Sammie Coates,SEC,JR,12,34,741,21.8,4,0,0,0,0,34,741,21.8,4,13,42,902,21.5,7,0,0,0,0,42,902,21.5,7,12,6,114,19,2,0,0,0,0,6,114,19,2,SAMMIE,COATES,21,212,4.43,41,23,131,6.98,4.06,87,2015,73,93
171,113,1602,14.2,18,0,0,0,0,113,1602,14.2,18,Michael Thomas,Big Ten,JR,13,56,781,13.9,9,0,0,0,0,56,781,13.9,9,15,54,799,14.8,9,0,0,0,0,54,799,14.8,9,11,3,22,7.3,0,0,0,0,0,3,22,7.3,0,MICHAEL,THOMAS,23,212,4.57,35,18,126,6.8,4.13,47,2016,75,829.7
176,201,2701,13.4,14,0,0,0,0,201,2701,13.4,14,Jordan Payton,Pac-12,SR,13,78,1105,14.2,5,0,0,0,0,78,1105,14.2,5,13,67,954,14.2,7,0,0,0,0,67,954,14.2,7,12,38,440,11.6,1,0,0,0,0,38,440,11.6,1,JORDAN,PAYTON,22,207,4.47,34.5,14.82580645,121,7.08,4.33,154,2016,73,1.3
187,122,2373,19.5,29,0,0,0,0,122,2373,19.5,29,Leonte Carroo,Big Ten,SR,8,39,809,20.7,10,0,0,0,0,39,809,20.7,10,13,55,1086,19.7,10,0,0,0,0,55,1086,19.7,10,9,28,478,17.1,9,0,0,0,0,28,478,17.1,9,LEONTE,CARROO,22,211,4.5,35.5,14,120,6.886183206,4.220289855,86,2016,72,0
269,156,1976,12.7,13,0,0,0,0,156,1976,12.7,13,Dezmon Patmon,Pac-12,SR,13,58,762,13.1,8,0,0,0,0,58,762,13.1,8,13,61,816,13.4,5,0,0,0,0,61,816,13.4,5,9,35,379,10.8,0,0,0,0,0,35,379,10.8,0,DEZMON,PATMON,22,225,4.48,36,15,132,7.28,4.38,212,2020,76,0
278,176,2322,13.2,20,0,0,0,0,176,2322,13.2,20,Isaiah Hodgins,Pac-12,JR,12,86,1171,13.6,13,0,0,0,0,86,1171,13.6,13,11,59,876,14.8,5,0,0,0,0,59,876,14.8,5,11,31,275,8.9,2,0,0,0,0,31,275,8.9,2,ISAIAH,HODGINS,21,210,4.61,36.5,9,124,7.01,4.12,207,2020,76,0
284,150,2433,16.2,20,0,0,0,0,150,2433,16.2,20,Antonio Gandy-Golden,Ind,SR,13,79,1396,17.7,10,0,0,0,0,79,1396,17.7,10,11,71,1037,14.6,10,0,0,0,0,71,1037,14.6,10,0,0,0,0,0,0,0,0,0,0,0,0,0,ANTONIO,GANDY-GOLDEN,22,223,4.6,36,22,127,7.33,4.55,142,2020,76,0
287,152,2447,16.1,23,0,0,0,0,152,2447,16.1,23,Gabriel Davis,American,JR,12,72,1241,17.2,12,0,0,0,0,72,1241,17.2,12,12,53,815,15.4,7,0,0,0,0,53,815,15.4,7,10,27,391,14.5,4,0,0,0,0,27,391,14.5,4,GABRIEL,DAVIS,21,216,4.54,35,14,124,7.08,4.59,128,2020,74,0
133,115,1526,13.3,15,3,-1,-0.3,0,118,1525,12.9,15,Quincy Enunwa,Big Ten,SR,12,51,753,14.8,12,3,-1,-0.3,0,54,752,13.9,12,14,42,470,11.2,1,0,0,0,0,42,470,11.2,1,13,21,293,14,2,0,0,0,0,21,293,14,2,QUINCY,ENUNWA,21,225,4.41,35.96571429,19,121.2294118,6.886183206,4.220289855,209,2014,74,223.3
273,213,3305,15.5,33,1,-1,-1,0,214,3304,15.4,33,Tyler Johnson,Big Ten,SR,13,86,1318,15.3,13,1,-1,-1,0,87,1317,15.1,13,13,78,1169,15,12,0,0,0,0,78,1169,15,12,10,35,677,19.3,7,0,0,0,0,35,677,19.3,7,TYLER,JOHNSON,21,206,4.49,37.10714286,15.5,125.1111111,7.116666667,4.35125,161,2020,73,0
279,201,2332,11.6,20,4,-1,-0.3,0,205,2331,11.4,20,K.J. Hill,Big Ten,SR,14,57,636,11.2,10,1,1,1,0,58,637,11,10,14,70,885,12.6,6,1,-3,-3,0,71,882,12.4,6,14,56,549,9.8,3,2,1,0.5,0,58,550,9.5,3,KJ,HILL,22,196,4.6,32.5,17,114,7.116666667,4.35125,220,2020,72,0
21,292,4138,14.2,60,3,-2,-0.7,0,295,4136,14,60,Jarett Dillard,CUSA,SR,13,87,1310,15.1,20,0,0,0,0,87,1310,15.1,20,12,79,1057,13.4,14,0,0,0,0,79,1057,13.4,14,13,91,1247,13.7,21,2,5,2.5,0,93,1252,13.5,21,JARETT,DILLARD,23,191,4.5,42.5,13,129,7.1,4.41,144,2009,70,78.8
24,179,2771,15.5,22,4,-3,-0.8,0,183,2768,15.1,22,Deon Butler,Big Ten,SR,13,47,810,17.2,7,1,5,5,0,48,815,17,7,13,47,633,13.5,4,1,-11,-11,0,48,622,13,4,13,48,637,13.3,2,1,-3,-3,0,49,634,12.9,2,DEON,BUTLER,23,182,4.31,34.5,12,118,7.01,4.48,91,2009,70,0
271,186,2925,15.7,28,1,-6,-6,0,187,2919,15.6,28,Denzel Mims,Big 12,SR,13,66,1020,15.5,12,0,0,0,0,66,1020,15.5,12,12,55,794,14.4,8,0,0,0,0,55,794,14.4,8,12,61,1087,17.8,8,1,-6,-6,0,62,1081,17.4,8,DENZEL,MIMS,22,207,4.38,38.5,16,131,6.66,4.43,59,2020,75,0
191,133,2044,15.4,20,1,-7,-7,0,134,2037,15.2,20,Mike Williams,Big East,SR,7,49,746,15.2,6,1,-7,-7,0,50,739,14.8,6,12,60,837,14,10,0,0,0,0,60,837,14,10,10,24,461,19.2,4,0,0,0,0,24,461,19.2,4,MIKE,WILLIAMS,22,221,4.53,33.5,8,116,6.9,4.31,101,2010,73,795.32
274,188,2624,14,15,0,-7,0,0,188,2617,13.9,15,Collin Johnson,Big 12,SR,7,38,559,14.7,3,0,0,0,0,38,559,14.7,3,13,68,985,14.5,7,0,0,0,0,68,985,14.5,7,13,54,765,14.2,2,0,-7,0,0,54,758,14,2,COLLIN,JOHNSON,22,222,4.49,37.10714286,17,125.1111111,7.116666667,4.35125,165,2020,78,0
109,175,2854,16.3,18,1,-8,-8,0,176,2846,16.2,18,Cobi Hamilton,SEC,SR,12,90,1335,14.8,5,0,0,0,0,90,1335,14.8,5,13,34,542,15.9,4,0,0,0,0,34,542,15.9,4,13,32,630,19.7,6,0,0,0,0,32,630,19.7,6,COBI,HAMILTON,22,212,4.56,29.5,11,107,6.886183206,4.31,197,2013,74,0
84,99,1453,14.7,12,5,-9,-1.8,0,104,1444,13.9,12,T.J. Graham,ACC,SR,13,46,757,16.5,7,2,-5,-2.5,0,48,752,15.7,7,13,25,316,12.6,4,1,-7,-7,0,26,309,11.9,4,7,12,129,10.8,1,0,0,0,0,12,129,10.8,1,TJ,GRAHAM,22,188,4.34,33.5,8,120,6.77,4.18,69,2012,71,157.9
175,99,1172,11.8,10,2,-9,-4.5,0,101,1163,11.5,10,Charone Peake,ACC,SR,14,50,716,14.3,5,0,0,0,0,50,716,14.3,5,6,12,129,10.8,2,0,0,0,0,12,129,10.8,2,2,8,84,10.5,1,0,0,0,0,8,84,10.5,1,CHARONE,PEAKE,23,209,4.45,35.5,12,122,6.96,4.46,241,2016,74,49.4
170,202,2393,11.8,21,6,-10,-1.7,0,208,2383,11.5,21,Laquon Treadwell,SEC,JR,13,82,1153,14.1,11,1,-5,-5,0,83,1148,13.8,11,9,48,632,13.2,5,2,-7,-3.5,0,50,625,12.5,5,13,72,608,8.4,5,3,2,0.7,0,75,610,8.1,5,LAQUON,TREADWELL,20,221,4.52,33,12,117,6.886183206,4.220289855,23,2016,74,113.7
53,229,2838,12.4,39,1,-11,-11,0,230,2827,12.3,39,Austin Pettis,WAC,SR,13,71,951,13.4,10,0,0,0,0,71,951,13.4,10,13,63,855,13.6,14,1,-11,-11,0,64,844,13.2,14,13,49,567,11.6,9,0,0,0,0,49,567,11.6,9,AUSTIN,PETTIS,22,209,4.56,33.5,14,120,6.68,3.88,78,2011,75,234
